PRAGMA foreign_keys=OFF;
BEGIN TRANSACTION;
CREATE TABLE IF NOT EXISTS "collectiontime" ("id" INTEGER NOT NULL PRIMARY KEY, "time" DATETIME NOT NULL);
INSERT INTO collectiontime VALUES(1,'2022-12-01 12:54:36');
INSERT INTO collectiontime VALUES(2,'2022-12-08 17:07:56');
INSERT INTO collectiontime VALUES(3,'2022-12-18 05:11:47');
INSERT INTO collectiontime VALUES(4,'2022-12-21 12:04:36');
INSERT INTO collectiontime VALUES(5,'2022-12-28 17:41:16');
INSERT INTO collectiontime VALUES(6,'2022-12-30 16:40:38');
CREATE TABLE IF NOT EXISTS "guild" ("id" INTEGER NOT NULL PRIMARY KEY, "time_id" INTEGER NOT NULL, "guild_id" VARCHAR(255) NOT NULL, "name" VARCHAR(255) NOT NULL, "description" VARCHAR(255) NOT NULL, FOREIGN KEY ("time_id") REFERENCES "collectiontime" ("id"));
INSERT INTO guild VALUES(1,6,'G746160409','THE SENATE ΞConcord DawnΞ','Discord required: discord.thesenate.gg - 450+ tickets/daily - 2.5 mil GP');
INSERT INTO guild VALUES(2,6,'G4246563087','THE SENATE ΞHøthΞ','The coolest guild of the Senate Alliance - https://discord.gg/sJp3EJsM');
INSERT INTO guild VALUES(3,6,'G997172894','Fun for everyone','Open all lvl 7 raid');
INSERT INTO guild VALUES(4,6,'G4127026233','アマテラス','銀河に平和を！');
CREATE TABLE IF NOT EXISTS "player" ("id" INTEGER NOT NULL PRIMARY KEY, "time_id" INTEGER NOT NULL, "allycode" INTEGER NOT NULL, "name" VARCHAR(255) NOT NULL, "guild_id" VARCHAR(255) NOT NULL, "ship_gp" INTEGER NOT NULL, "character_gp" INTEGER NOT NULL, "gac_league" VARCHAR(255) NOT NULL, "gac_division" INTEGER NOT NULL, "gac_rank" INTEGER NOT NULL, "fleet_rank" INTEGER NOT NULL, "squad_rank" INTEGER NOT NULL, FOREIGN KEY ("time_id") REFERENCES "collectiontime" ("id"));
INSERT INTO player VALUES(1,1,168232195,'ApexJoker','G746160409',1051546,1115977,'Bronzium',3,2216,20,80);
INSERT INTO player VALUES(2,1,667937846,'ddtorch','G746160409',1562567,1768331,'Bronzium',3,2263,115,276);
INSERT INTO player VALUES(3,1,369472317,'Explxsive','G746160409',1030858,2037289,'Bronzium',3,2244,303,120);
INSERT INTO player VALUES(4,1,225419915,'DarthVikingz','G746160409',1516051,2271687,'Chromium',3,2511,62,261);
INSERT INTO player VALUES(5,1,326458668,'Sapphirefox','G746160409',1231843,1651368,'Carbonite',2,2039,69,469);
INSERT INTO player VALUES(6,1,769144997,'stryderjzw','G746160409',1403917,1729071,'Bronzium',2,2305,10,217);
INSERT INTO player VALUES(7,1,351352931,'brothers of arms and unknown','G746160409',1210643,1558282,'Carbonite',2,1996,214,234);
INSERT INTO player VALUES(8,1,776118518,'Pucker','G746160409',1086059,1920596,'Carbonite',3,1883,612,938);
INSERT INTO player VALUES(9,1,126483852,'CurlyMech','G746160409',1329758,1737936,'Carbonite',2,1960,31,310);
INSERT INTO player VALUES(10,1,818653183,'AiHex','G746160409',1129042,1496028,'Bronzium',3,2204,6,74);
INSERT INTO player VALUES(11,1,772127472,'Merth','G746160409',1081245,1572472,'Carbonite',2,1934,112,808);
INSERT INTO player VALUES(12,1,759267683,'Whitefox','G746160409',1728142,2077741,'Bronzium',2,2342,4,105);
INSERT INTO player VALUES(13,1,278342864,'DarkHope17','G746160409',1555970,2111865,'Chromium',4,2454,5,159);
INSERT INTO player VALUES(14,1,849672945,'Unicorncakes','G746160409',1035681,1764440,'Bronzium',4,2181,127,815);
INSERT INTO player VALUES(15,1,874296875,'shaneet977','G746160409',961353,1092070,'Carbonite',3,1920,39,256);
INSERT INTO player VALUES(16,1,751896676,'Bustaz','G746160409',993902,1484853,'Carbonite',2,1991,127,852);
INSERT INTO player VALUES(17,1,219952729,'Dan Djarin','G746160409',1690234,2012018,'Chromium',3,2517,6,227);
INSERT INTO player VALUES(18,1,957634294,'Merovecht','G746160409',1325332,1851778,'Carbonite',2,2051,17,93);
INSERT INTO player VALUES(19,1,917787877,'RedFox','G746160409',2146130,3010356,'Aurodium',4,2704,53,413);
INSERT INTO player VALUES(20,1,811732959,'The Massalorian','G746160409',1042493,1411576,'Carbonite',5,1223,58,416);
INSERT INTO player VALUES(21,1,992228328,'The Dandalorian','G746160409',1344725,2062174,'Chromium',3,2519,30,205);
INSERT INTO player VALUES(22,1,629268449,'Francescoo7','G746160409',1183753,1628229,'Bronzium',4,2160,182,274);
INSERT INTO player VALUES(23,1,662511953,'Fnodo','G746160409',881837,1303164,'Carbonite',2,1968,24,615);
INSERT INTO player VALUES(24,1,623398639,'CanadianFlash','G746160409',869102,1729344,'Carbonite',1,2126,485,384);
INSERT INTO player VALUES(25,1,484293664,'Paleguy','G746160409',1487964,2154295,'Bronzium',3,2268,73,90);
INSERT INTO player VALUES(26,1,538994795,'OrangeFox','G746160409',1180434,1709377,'Carbonite',2,2006,30,394);
INSERT INTO player VALUES(27,1,586886293,'Invictus Ronin','G746160409',1175626,1453217,'Bronzium',4,2184,54,1034);
INSERT INTO player VALUES(28,1,924957122,'Mol Kibar','G746160409',1476642,2050395,'Bronzium',3,2281,32,7);
INSERT INTO player VALUES(29,1,667317656,'Ct5555','G746160409',1143397,1622475,'Carbonite',3,1887,89,742);
INSERT INTO player VALUES(30,1,389732376,'DarthDailo','G746160409',1189994,1357866,'Bronzium',3,2282,62,86);
INSERT INTO player VALUES(31,1,938893196,'Kanye Khalifa','G746160409',1500987,2228458,'Chromium',4,2412,24,111);
INSERT INTO player VALUES(32,1,778736578,'The Time Ninja','G746160409',1586622,2296500,'Bronzium',3,2245,92,370);
INSERT INTO player VALUES(33,1,233737879,'undead','G746160409',1293190,2046673,'Carbonite',3,1766,77,829);
INSERT INTO player VALUES(34,1,867329888,'Magier147','G746160409',632518,733910,'Carbonite',3,1911,69,363);
INSERT INTO player VALUES(35,1,168688624,'Clerical Farm2','G746160409',2811297,3744020,'Kyber',3,3179,71,393);
INSERT INTO player VALUES(36,1,512317447,'Tyan Serg','G746160409',1621340,2307809,'Bronzium',2,2371,11,289);
INSERT INTO player VALUES(37,1,738679812,'Hank','G746160409',1375041,2072831,'Carbonite',2,1930,364,380);
INSERT INTO player VALUES(38,1,812814131,'Titan115','G746160409',663413,1233193,'Carbonite',3,1918,152,588);
INSERT INTO player VALUES(39,1,461312493,'KyloRenJedi','G746160409',1957489,3138174,'Bronzium',4,2174,114,613);
INSERT INTO player VALUES(40,1,716896212,'NOlen','G746160409',3113932,4398848,'Kyber',3,3248,5,102);
INSERT INTO player VALUES(41,1,921278768,'Rogue66697','G746160409',1786816,2594757,'Carbonite',3,1830,64,810);
INSERT INTO player VALUES(42,1,671576416,'MINI Jeepers4489','G746160409',809466,1530063,'Bronzium',4,2159,51,829);
INSERT INTO player VALUES(43,1,136351821,'Lezene Icewalker','G746160409',1849729,2968420,'Chromium',4,2374,74,637);
INSERT INTO player VALUES(44,1,622648375,'Zaknafien','G746160409',1149997,1825562,'Carbonite',3,1877,76,293);
INSERT INTO player VALUES(45,1,413742635,'Stormcro','G746160409',1359449,2008864,'Carbonite',2,2005,24,141);
INSERT INTO player VALUES(46,1,916759261,'EnderDragon10505','G746160409',789432,1633401,'Carbonite',3,1891,196,859);
INSERT INTO player VALUES(47,1,367251355,'SgtPickle','G746160409',1318756,1869846,'Bronzium',4,2143,154,1002);
INSERT INTO player VALUES(48,1,488397628,'Sifbacca','G746160409',1329269,1993903,'Bronzium',2,2383,20,182);
INSERT INTO player VALUES(49,1,439763639,'Sckurrr','G746160409',913327,1369990,'Bronzium',3,2213,13,190);
INSERT INTO player VALUES(50,1,173319854,'Lycanthia','G746160409',754446,1313379,'Carbonite',3,1920,131,424);
INSERT INTO player VALUES(51,2,992228328,'The Dandalorian','G746160409',1356937,2080901,'CHROMIUM',3,15567,33,184);
INSERT INTO player VALUES(52,2,957634294,'Merovecht','G746160409',1327965,1855457,'CARBONITE',2,827,22,61);
INSERT INTO player VALUES(53,2,938893196,'Khalifa','G746160409',1515467,2249956,'CHROMIUM',4,2779,26,109);
INSERT INTO player VALUES(54,2,924957122,'Mol Kibar','G746160409',1502392,2086149,'BRONZIUM',3,21202,32,11);
INSERT INTO player VALUES(55,2,921278768,'Rogue66697','G746160409',1790722,2600428,'CARBONITE',3,9878,58,907);
INSERT INTO player VALUES(56,2,917787877,'RedFox','G746160409',2160011,3029826,'AURODIUM',4,11879,53,393);
INSERT INTO player VALUES(57,2,916759261,'EnderDragon10505','G746160409',790083,1634746,'CARBONITE',3,14173,196,859);
INSERT INTO player VALUES(58,2,874296875,'shaneet977','G746160409',974721,1107256,'CARBONITE',3,13118,60,256);
INSERT INTO player VALUES(59,2,867329888,'Magier147','G746160409',637810,740050,'CARBONITE',3,1348,79,363);
INSERT INTO player VALUES(60,2,849672945,'Unicorncakes','G746160409',1051854,1791994,'BRONZIUM',4,7241,126,875);
INSERT INTO player VALUES(61,2,818653183,'AiHex','G746160409',1157737,1534051,'BRONZIUM',3,15242,13,122);
INSERT INTO player VALUES(62,2,812814131,'Titan115','G746160409',668031,1241777,'CARBONITE',3,13415,157,588);
INSERT INTO player VALUES(63,2,811732959,'The Massalorian','G746160409',1061118,1436794,'CARBONITE',5,47936,69,368);
INSERT INTO player VALUES(64,2,778736578,'The Time Ninja','G746160409',1596680,2311057,'BRONZIUM',3,16492,76,327);
INSERT INTO player VALUES(65,2,776118518,'Pucker','G746160409',1102786,1950177,'CARBONITE',3,18493,612,938);
INSERT INTO player VALUES(66,2,772127472,'Merth','G746160409',1098843,1598065,'CARBONITE',2,23502,91,756);
INSERT INTO player VALUES(67,2,769144997,'stryderjzw','G746160409',1419743,1748563,'BRONZIUM',2,4942,8,207);
INSERT INTO player VALUES(68,2,759267683,'Whitefox','G746160409',1739565,2091475,'BRONZIUM',2,1771,7,197);
INSERT INTO player VALUES(69,2,751896676,'Bustaz','G746160409',1005098,1501578,'CARBONITE',2,10159,127,809);
INSERT INTO player VALUES(70,2,738679812,'Hank','G746160409',1385466,2088547,'CARBONITE',2,19090,364,349);
INSERT INTO player VALUES(71,2,716896212,'NOlen','G746160409',3119333,4406478,'KYBER',3,1731,13,139);
INSERT INTO player VALUES(72,2,671576416,'MINI Jeepers4489','G746160409',809664,1530438,'BRONZIUM',4,11473,41,829);
INSERT INTO player VALUES(73,2,667937846,'ddtorch','G746160409',1637084,1852660,'BRONZIUM',3,13389,115,233);
INSERT INTO player VALUES(74,2,667317656,'Ct5555','G746160409',1168169,1657627,'CARBONITE',3,18077,98,658);
INSERT INTO player VALUES(75,2,662511953,'Fnodo','G746160409',891675,1317701,'CARBONITE',2,13405,35,445);
INSERT INTO player VALUES(76,2,629268449,'Francescoo7','G746160409',1201535,1652688,'BRONZIUM',4,16357,154,320);
INSERT INTO player VALUES(77,2,623398639,'CanadianFlash','G746160409',888813,1768566,'BRONZIUM',4,19692,485,287);
INSERT INTO player VALUES(78,2,622648375,'Zaknafien','G746160409',1152709,1829867,'CARBONITE',3,3915,76,305);
INSERT INTO player VALUES(79,2,586886293,'Invictus Ronin','G746160409',1185469,1465383,'BRONZIUM',4,6738,53,826);
INSERT INTO player VALUES(80,2,538994795,'OrangeFox','G746160409',1195310,1730919,'CARBONITE',2,24718,37,277);
INSERT INTO player VALUES(81,2,512317447,'Tyan Serg','G746160409',1626077,2314552,'BRONZIUM',2,1545,12,216);
INSERT INTO player VALUES(82,2,484293664,'Paleguy','G746160409',1519853,2200463,'BRONZIUM',3,2581,74,125);
INSERT INTO player VALUES(83,2,461312493,'KyloRenJedi','G746160409',1962576,3146328,'BRONZIUM',4,21371,114,600);
INSERT INTO player VALUES(84,2,413742635,'Stormcrow','G746160409',1361721,2012221,'CARBONITE',2,8106,26,153);
INSERT INTO player VALUES(85,2,389732376,'DarthDailo','G746160409',1222753,1395247,'BRONZIUM',3,860,62,86);
INSERT INTO player VALUES(86,2,369472317,'Explxsive','G746160409',1048842,2072829,'BRONZIUM',3,16664,257,143);
INSERT INTO player VALUES(87,2,367251355,'SgtPickle','G746160409',1319256,1870555,'BRONZIUM',4,18728,154,914);
INSERT INTO player VALUES(88,2,351352931,'brothers of arms and unknown','G746160409',1226287,1578417,'CARBONITE',2,9397,214,244);
INSERT INTO player VALUES(89,2,326458668,'Sapphirefox','G746160409',1260267,1689471,'CARBONITE',2,1242,60,274);
INSERT INTO player VALUES(90,2,278342864,'DarkHope17','G746160409',1575118,2137854,'CHROMIUM',4,9357,2,189);
INSERT INTO player VALUES(91,2,233737879,'undead','G746160409',1297270,2053129,'CARBONITE',3,17183,84,802);
INSERT INTO player VALUES(92,2,225419915,'DarthVikingz','G746160409',1525215,2285418,'CHROMIUM',3,17118,70,191);
INSERT INTO player VALUES(93,2,219952729,'Dan Djarin','G746160409',1698186,2021484,'CHROMIUM',3,16132,4,285);
INSERT INTO player VALUES(94,2,173319854,'Lycanthia','G746160409',757014,1317850,'CARBONITE',3,750,128,219);
INSERT INTO player VALUES(95,2,168688624,'Clerical Farm2','G746160409',2820598,3756406,'AURODIUM',2,6090,41,226);
INSERT INTO player VALUES(96,2,168232195,'ApexJoker','G746160409',1060197,1125157,'BRONZIUM',3,4713,27,94);
INSERT INTO player VALUES(97,2,136351821,'Lezene Icewalker','G746160409',1860314,2985406,'CHROMIUM',4,11365,74,676);
INSERT INTO player VALUES(98,2,126483852,'CurlyMech','G746160409',1341714,1753562,'CARBONITE',2,20390,23,217);
INSERT INTO player VALUES(99,3,992228328,'The Dandalorian','G746160409',1411836,2132350,'CHROMIUM',4,1554,31,173);
INSERT INTO player VALUES(100,3,957634294,'Merovecht','G746160409',1364836,1929417,'CARBONITE',1,1003,9,46);
INSERT INTO player VALUES(101,3,938893196,'Khalifa','G746160409',1549614,2277318,'CHROMIUM',3,6111,19,125);
INSERT INTO player VALUES(102,3,924957122,'Mol Kibar','G746160409',1507165,2130245,'BRONZIUM',4,6790,43,5);
INSERT INTO player VALUES(103,3,921278768,'Rogue66697','G746160409',1808649,2609244,'CARBONITE',2,6536,54,808);
INSERT INTO player VALUES(104,3,917787877,'RedFox','G746160409',2266140,3060894,'AURODIUM',5,3326,8,290);
INSERT INTO player VALUES(105,3,916759261,'EnderDragon10505','G746160409',790083,1634746,'CARBONITE',3,12945,196,893);
INSERT INTO player VALUES(106,3,874296875,'shaneet977','G746160409',997981,1130309,'CARBONITE',2,8422,31,211);
INSERT INTO player VALUES(107,3,867329888,'Magier147','G746160409',640316,760050,'CARBONITE',2,506,79,336);
INSERT INTO player VALUES(108,3,849672945,'Unicorncakes','G746160409',1072994,1815646,'BRONZIUM',4,5768,127,758);
INSERT INTO player VALUES(109,3,818653183,'AiHex','G746160409',1178200,1569165,'BRONZIUM',3,623,17,98);
INSERT INTO player VALUES(110,3,812814131,'Titan115','G746160409',670505,1243592,'CARBONITE',2,2919,157,608);
INSERT INTO player VALUES(111,3,811732959,'The Massalorian','G746160409',1072335,1460730,'CARBONITE',5,17125,60,615);
INSERT INTO player VALUES(112,3,778736578,'The Time Ninja','G746160409',1604528,2330885,'BRONZIUM',3,10271,87,293);
INSERT INTO player VALUES(113,3,776118518,'Pucker','G746160409',1137899,2005557,'CARBONITE',2,12952,612,1094);
INSERT INTO player VALUES(114,3,772127472,'Merth','G746160409',1138747,1636623,'CARBONITE',3,6474,95,880);
INSERT INTO player VALUES(115,3,769144997,'stryderjzw','G746160409',1454407,1785571,'BRONZIUM',2,13524,6,252);
INSERT INTO player VALUES(116,3,759267683,'Whitefox','G746160409',1798780,2192609,'BRONZIUM',1,270,11,129);
INSERT INTO player VALUES(117,3,751896676,'Bustaz','G746160409',1030706,1549379,'CARBONITE',2,946,142,901);
INSERT INTO player VALUES(118,3,738679812,'Hank','G746160409',1389308,2109232,'CARBONITE',2,8695,322,285);
INSERT INTO player VALUES(119,3,716896212,'NOlen','G746160409',3129890,4440545,'KYBER',2,9390,11,93);
INSERT INTO player VALUES(120,3,671576416,'MINI Jeepers4489','G746160409',813000,1544610,'BRONZIUM',4,2692,41,829);
INSERT INTO player VALUES(121,3,667937846,'ddtorch','G746160409',1661135,1900040,'BRONZIUM',2,7351,115,271);
INSERT INTO player VALUES(122,3,667317656,'Ct5555','G746160409',1175667,1676023,'CARBONITE',2,20077,104,659);
INSERT INTO player VALUES(123,3,662511953,'Fnodo','G746160409',903451,1364808,'CARBONITE',2,2911,32,447);
INSERT INTO player VALUES(124,3,629268449,'Francescoo7','G746160409',1224672,1684829,'BRONZIUM',3,15367,154,302);
INSERT INTO player VALUES(125,3,623398639,'CanadianFlash','G746160409',900921,1799922,'BRONZIUM',4,10763,485,287);
INSERT INTO player VALUES(126,3,622648375,'Zaknafien','G746160409',1156080,1839609,'CARBONITE',2,14666,76,269);
INSERT INTO player VALUES(127,3,586886293,'Invictus Ronin','G746160409',1199058,1503428,'BRONZIUM',4,16013,41,767);
INSERT INTO player VALUES(128,3,538994795,'OrangeFox','G746160409',1224988,1764740,'CARBONITE',2,4941,52,252);
INSERT INTO player VALUES(129,3,512317447,'Tyan Serg','G746160409',1641139,2343099,'BRONZIUM',1,3834,12,284);
INSERT INTO player VALUES(130,3,484293664,'Paleguy','G746160409',1524837,2257247,'BRONZIUM',2,7964,96,271);
INSERT INTO player VALUES(131,3,461312493,'KyloRenJedi','G746160409',1977104,3179951,'BRONZIUM',4,13233,111,625);
INSERT INTO player VALUES(132,3,413742635,'Stormcrow','G746160409',1365907,2022846,'CARBONITE',1,4152,27,263);
INSERT INTO player VALUES(133,3,389732376,'DarthDailo','G746160409',1223604,1402223,'BRONZIUM',3,18042,62,102);
INSERT INTO player VALUES(134,3,369472317,'Explxsive','G746160409',1131054,2106746,'BRONZIUM',3,12141,273,121);
INSERT INTO player VALUES(135,3,367251355,'SgtPickle','G746160409',1319627,1871102,'BRONZIUM',4,5917,154,914);
INSERT INTO player VALUES(136,3,351352931,'brothers of arms and unknown','G746160409',1277300,1624760,'CARBONITE',2,5212,214,251);
INSERT INTO player VALUES(137,3,326458668,'Sapphirefox','G746160409',1303959,1750420,'CARBONITE',2,5437,63,196);
INSERT INTO player VALUES(138,3,278342864,'DarkHope17','G746160409',1652524,2159005,'CHROMIUM',4,8019,3,179);
INSERT INTO player VALUES(139,3,233737879,'undead','G746160409',1332834,2086774,'CARBONITE',2,16583,87,780);
INSERT INTO player VALUES(140,3,225419915,'DarthVikingz','G746160409',1638499,2368322,'CHROMIUM',4,2430,63,185);
INSERT INTO player VALUES(141,3,219952729,'Dan Djarin','G746160409',1748252,2072144,'CHROMIUM',2,2841,3,243);
INSERT INTO player VALUES(142,3,173319854,'Lycanthia','G746160409',766034,1328348,'CARBONITE',2,8936,128,287);
INSERT INTO player VALUES(143,3,168688624,'Clerical Farm2','G746160409',2894801,3780970,'AURODIUM',2,2050,41,262);
INSERT INTO player VALUES(144,3,168232195,'ApexJoker','G746160409',1145620,1262185,'BRONZIUM',4,10989,22,80);
INSERT INTO player VALUES(145,3,136351821,'Lezene Icewalker','G746160409',1860787,2986518,'CHROMIUM',4,9947,74,695);
INSERT INTO player VALUES(146,3,126483852,'CurlyMech','G746160409',1426381,1783121,'CARBONITE',2,4512,32,267);
INSERT INTO player VALUES(147,4,716896212,'NOlen','G746160409',3136148,4449424,'Kyber',2,3326,11,93);
INSERT INTO player VALUES(148,4,168688624,'Clerical Farm2','G746160409',2900258,3788097,'Kyber',3,3179,71,393);
INSERT INTO player VALUES(149,4,917787877,'RedFox','G746160409',2288960,3091718,'Aurodium',5,2522,8,369);
INSERT INTO player VALUES(150,4,461312493,'KyloRenJedi','G746160409',1977883,3181203,'Bronzium',5,2031,111,615);
INSERT INTO player VALUES(151,4,136351821,'Lezene Icewalker','G746160409',1862533,2989320,'Chromium',4,2434,74,713);
INSERT INTO player VALUES(152,4,921278768,'Rogue66697','G746160409',1811106,2612790,'Carbonite',2,2053,58,724);
INSERT INTO player VALUES(153,4,225419915,'DarthVikingz','G746160409',1647500,2381333,'Chromium',5,2288,59,172);
INSERT INTO player VALUES(154,4,512317447,'Tyan Serg','G746160409',1648703,2353898,'Bronzium',1,2421,10,254);
INSERT INTO player VALUES(155,4,778736578,'The Time Ninja','G746160409',1630359,2368410,'Bronzium',3,2198,61,257);
INSERT INTO player VALUES(156,4,759267683,'Whitefox','G746160409',1799589,2193595,'Bronzium',1,2615,11,129);
INSERT INTO player VALUES(157,4,219952729,'Dan Djarin','G746160409',1770308,2098287,'Chromium',1,2681,8,139);
INSERT INTO player VALUES(158,4,278342864,'DarkHope17','G746160409',1668038,2179273,'Chromium',4,2376,1,168);
INSERT INTO player VALUES(159,4,938893196,'Khalifa','G746160409',1556289,2287129,'Chromium',3,2487,18,92);
INSERT INTO player VALUES(160,4,484293664,'Paleguy','G746160409',1528970,2263365,'Bronzium',2,2376,93,386);
INSERT INTO player VALUES(161,4,924957122,'Mol Kibar','G746160409',1516333,2143204,'Bronzium',4,2188,33,9);
INSERT INTO player VALUES(162,4,667937846,'ddtorch','G746160409',1668020,1907916,'Bronzium',2,2374,115,271);
INSERT INTO player VALUES(163,4,992228328,'The Dandalorian','G746160409',1414520,2136404,'Chromium',5,2298,51,173);
INSERT INTO player VALUES(164,4,738679812,'Hank','G746160409',1390787,2111478,'Carbonite',2,1971,322,268);
INSERT INTO player VALUES(165,4,233737879,'undead','G746160409',1338981,2096398,'Carbonite',2,1997,87,800);
INSERT INTO player VALUES(166,4,413742635,'Stormcrow','G746160409',1366608,2023885,'Carbonite',2,2004,27,223);
INSERT INTO player VALUES(167,4,957634294,'Merovecht','G746160409',1375132,1943973,'Carbonite',1,2235,11,70);
INSERT INTO player VALUES(168,4,769144997,'stryderjzw','G746160409',1482884,1820533,'Bronzium',2,2343,12,230);
INSERT INTO player VALUES(169,4,369472317,'Explxsive','G746160409',1140618,2124562,'Bronzium',3,2277,273,82);
INSERT INTO player VALUES(170,4,126483852,'CurlyMech','G746160409',1432206,1790404,'Carbonite',2,2079,31,234);
INSERT INTO player VALUES(171,4,367251355,'SgtPickle','G746160409',1319627,1871102,'Bronzium',5,1998,154,914);
INSERT INTO player VALUES(172,4,776118518,'Pucker','G746160409',1143897,2016130,'Carbonite',2,1944,518,928);
INSERT INTO player VALUES(173,4,326458668,'Sapphirefox','G746160409',1308730,1756824,'Carbonite',1,2139,63,165);
INSERT INTO player VALUES(174,4,538994795,'OrangeFox','G746160409',1230798,1773111,'Carbonite',2,2073,31,253);
INSERT INTO player VALUES(175,4,622648375,'Zaknafien','G746160409',1156080,1839609,'Carbonite',2,1933,76,269);
INSERT INTO player VALUES(176,4,112498879,'CaptainJin','G746160409',1181906,1772859,'Bronzium',5,2058,118,527);
INSERT INTO player VALUES(177,4,849672945,'Unicorncakes','G746160409',1090028,1844469,'Bronzium',4,2120,127,726);
INSERT INTO player VALUES(178,4,629268449,'Francescoo7','G746160409',1233150,1696493,'Bronzium',2,2331,154,300);
INSERT INTO player VALUES(179,4,351352931,'brothers of arms and unknown','G746160409',1281340,1629899,'Carbonite',3,1921,214,251);
INSERT INTO player VALUES(180,4,667317656,'Ct5555','G746160409',1175939,1676411,'Carbonite',3,1904,104,659);
INSERT INTO player VALUES(181,4,772127472,'Merth14','G746160409',1143271,1643126,'Carbonite',3,1857,122,880);
INSERT INTO player VALUES(182,4,818653183,'AiHex','G746160409',1182388,1574742,'Bronzium',4,2150,7,70);
INSERT INTO player VALUES(183,4,586886293,'Invictus Ronin','G746160409',1210257,1517471,'Bronzium',5,2051,36,714);
INSERT INTO player VALUES(184,4,623398639,'CanadianFlash','G746160409',902551,1803178,'Carbonite',1,2126,485,384);
INSERT INTO player VALUES(185,4,389732376,'DarthDailo','G746160409',1223604,1402223,'Bronzium',4,2158,52,119);
INSERT INTO player VALUES(186,4,751896676,'Bustaz','G746160409',1035791,1557024,'Carbonite',2,2033,142,954);
INSERT INTO player VALUES(187,4,811732959,'The Massalorian','G746160409',1083704,1476217,'Carbonite',5,1213,81,479);
INSERT INTO player VALUES(188,4,168232195,'ApexJoker','G746160409',1162422,1280697,'Bronzium',4,2165,28,94);
INSERT INTO player VALUES(189,4,916759261,'EnderDragon10505','G746160409',790082,1634746,'Carbonite',3,1859,196,893);
INSERT INTO player VALUES(190,4,671576416,'MINI Jeepers4489','G746160409',813000,1544610,'Bronzium',4,2135,41,829);
INSERT INTO player VALUES(191,4,662511953,'Fnodo','G746160409',906686,1369695,'Carbonite',1,2087,37,447);
INSERT INTO player VALUES(192,4,874296875,'shaneet977','G746160409',1007831,1141466,'Carbonite',2,2046,30,210);
INSERT INTO player VALUES(193,4,173319854,'Lycanthia','G746160409',768344,1332354,'Carbonite',2,1970,128,286);
INSERT INTO player VALUES(194,4,812814131,'Titan115','G746160409',674546,1251086,'Carbonite',2,2051,157,608);
INSERT INTO player VALUES(195,4,867329888,'Magier147','G746160409',641856,761877,'Carbonite',2,2038,79,444);
INSERT INTO player VALUES(196,5,992228328,'The Dandalorian','G746160409',1460895,2158981,'CHROMIUM',5,9805,31,160);
INSERT INTO player VALUES(197,5,957634294,'Merovecht','G746160409',1388586,1981385,'CARBONITE',1,220,13,60);
INSERT INTO player VALUES(198,5,938893196,'Khalifa','G746160409',1598862,2323113,'CHROMIUM',4,11877,29,129);
INSERT INTO player VALUES(199,5,924957122,'Mol Kibar','G746160409',1558855,2195321,'BRONZIUM',4,125,31,4);
INSERT INTO player VALUES(200,5,921278768,'Rogue66697','G746160409',1908683,2719420,'CARBONITE',2,2514,31,771);
INSERT INTO player VALUES(201,5,917787877,'RedFox','G746160409',2336068,3127666,'AURODIUM',5,5997,1,385);
INSERT INTO player VALUES(202,5,874296875,'shaneet977','G746160409',1012966,1161510,'CARBONITE',2,12166,39,513);
INSERT INTO player VALUES(203,5,869469465,'Roklar','G746160409',1548174,1663468,'CARBONITE',1,1018,4,3);
INSERT INTO player VALUES(204,5,867329888,'Magier147','G746160409',654139,799252,'CARBONITE',2,5500,75,402);
INSERT INTO player VALUES(205,5,849672945,'Unicorncakes','G746160409',1119963,1851665,'BRONZIUM',4,11478,141,765);
INSERT INTO player VALUES(206,5,842925842,'Camman113','G746160409',1543731,2216523,'BRONZIUM',3,3861,31,214);
INSERT INTO player VALUES(207,5,818653183,'AiHex','G746160409',1191065,1628289,'BRONZIUM',4,6465,14,109);
INSERT INTO player VALUES(208,5,812814131,'Titan115','G746160409',679454,1252799,'CARBONITE',1,2607,157,608);
INSERT INTO player VALUES(209,5,811732959,'The Massalorian','G746160409',1100667,1485197,'CARBONITE',5,19185,50,417);
INSERT INTO player VALUES(210,5,778736578,'The Time Ninja','G746160409',1677141,2359445,'BRONZIUM',3,15272,73,409);
INSERT INTO player VALUES(211,5,776118518,'Pucker','G746160409',1156956,2039216,'CARBONITE',3,9377,518,821);
INSERT INTO player VALUES(212,5,772127472,'Merth14','G746160409',1169815,1669813,'CARBONITE',3,12052,144,880);
INSERT INTO player VALUES(213,5,769144997,'stryderjzw','G746160409',1531971,1835137,'BRONZIUM',2,6660,13,238);
INSERT INTO player VALUES(214,5,759267683,'Whitefox','G746160409',1794575,2212724,'BRONZIUM',1,273,7,132);
INSERT INTO player VALUES(215,5,751896676,'Bustaz','G746160409',1074806,1592258,'CARBONITE',2,4659,142,1009);
INSERT INTO player VALUES(216,5,738679812,'Hank','G746160409',1395829,2144454,'CARBONITE',2,12693,322,268);
INSERT INTO player VALUES(217,5,716896212,'NOlen','G746160409',3134579,4473683,'KYBER',3,11833,27,55);
INSERT INTO player VALUES(218,5,671576416,'MINI Jeepers4489','G746160409',810041,1537711,'BRONZIUM',4,7879,44,898);
INSERT INTO player VALUES(219,5,667937846,'ddtorch','G746160409',1756321,2014058,'BRONZIUM',2,12069,115,271);
INSERT INTO player VALUES(220,5,662511953,'Fnodo','G746160409',925886,1415496,'CARBONITE',1,7178,52,383);
INSERT INTO player VALUES(221,5,629268449,'Francescoo7','G746160409',1260908,1731280,'BRONZIUM',2,8306,154,340);
INSERT INTO player VALUES(222,5,623398639,'CanadianFlash','G746160409',906799,1812695,'BRONZIUM',4,15281,485,287);
INSERT INTO player VALUES(223,5,622648375,'Zaknafien','G746160409',1165736,1852048,'CARBONITE',2,18337,76,293);
INSERT INTO player VALUES(224,5,586886293,'Invictus Ronin','G746160409',1246268,1551653,'BRONZIUM',5,2228,40,907);
INSERT INTO player VALUES(225,5,538994795,'OrangeFox','G746160409',1243419,1791841,'CARBONITE',1,773,29,276);
INSERT INTO player VALUES(226,5,512317447,'Tyan Serg','G746160409',1650031,2361358,'BRONZIUM',1,7277,13,284);
INSERT INTO player VALUES(227,5,484293664,'Paleguy','G746160409',1531052,2297052,'BRONZIUM',1,5402,87,126);
INSERT INTO player VALUES(228,5,461312493,'KyloRenJedi','G746160409',1989314,3208073,'BRONZIUM',5,4202,111,810);
INSERT INTO player VALUES(229,5,413742635,'Stormcrow','G746160409',1367466,2073173,'CARBONITE',1,360,20,137);
INSERT INTO player VALUES(230,5,389732376,'DarthDailo','G746160409',1223604,1412945,'BRONZIUM',4,15884,52,141);
INSERT INTO player VALUES(231,5,375467641,'Smurphy','G746160409',1202679,1544598,'BRONZIUM',4,13917,26,269);
INSERT INTO player VALUES(232,5,369472317,'Explxsive','G746160409',1154234,2166376,'BRONZIUM',3,2225,273,123);
INSERT INTO player VALUES(233,5,367251355,'SgtPickle','G746160409',1320652,1881936,'BRONZIUM',4,11118,129,809);
INSERT INTO player VALUES(234,5,351352931,'brothers of arms and unknown','G746160409',1294011,1658848,'CARBONITE',2,1364,214,251);
INSERT INTO player VALUES(235,5,326458668,'Sapphirefox','G746160409',1339109,1790405,'CARBONITE',1,1369,63,157);
INSERT INTO player VALUES(236,5,278342864,'DarkHope17','G746160409',1671676,2185855,'CHROMIUM',5,12554,4,182);
INSERT INTO player VALUES(237,5,233737879,'undead','G746160409',1340418,2102720,'CARBONITE',2,8969,111,782);
INSERT INTO player VALUES(238,5,225419915,'DarthVikingz','G746160409',1649103,2393984,'CHROMIUM',4,14678,52,137);
INSERT INTO player VALUES(239,5,219952729,'Dan Djarin','G746160409',1773996,2120614,'CHROMIUM',2,6300,5,141);
INSERT INTO player VALUES(240,5,173319854,'Lycanthia','G746160409',768339,1333043,'CARBONITE',2,12945,120,239);
INSERT INTO player VALUES(241,5,168688624,'Clerical Farm2','G746160409',2906114,3800692,'AURODIUM',2,4999,41,262);
INSERT INTO player VALUES(242,5,168232195,'ApexJoker','G746160409',1169573,1306852,'BRONZIUM',3,4064,30,98);
INSERT INTO player VALUES(243,5,136351821,'Lezene Icewalker','G746160409',1867185,3048145,'CHROMIUM',4,14219,74,652);
INSERT INTO player VALUES(244,5,126483852,'CurlyMech','G746160409',1453359,1816300,'CARBONITE',1,3372,22,271);
INSERT INTO player VALUES(245,5,112498879,'CaptainJin','G746160409',1063204,1920244,'BRONZIUM',4,9638,88,539);
INSERT INTO player VALUES(246,6,992228328,'The Dandalorian','G746160409',1460304,2159146,'CHROMIUM',5,9805,39,183);
INSERT INTO player VALUES(247,6,957634294,'Merovecht','G746160409',1388586,1981385,'CARBONITE',1,220,8,62);
INSERT INTO player VALUES(248,6,938893196,'Khalifa','G746160409',1600928,2327318,'CHROMIUM',4,11877,22,134);
INSERT INTO player VALUES(249,6,924957122,'Mol Kibar','G746160409',1558855,2198654,'BRONZIUM',4,125,41,4);
INSERT INTO player VALUES(250,6,921278768,'Rogue66697','G746160409',1910431,2722919,'CARBONITE',2,2514,60,828);
INSERT INTO player VALUES(251,6,917787877,'RedFox','G746160409',2336887,3129767,'AURODIUM',5,5997,10,333);
INSERT INTO player VALUES(252,6,874296875,'shaneet977','G746160409',1012966,1162626,'CARBONITE',2,12166,42,646);
INSERT INTO player VALUES(253,6,869469465,'Roklar','G746160409',1594383,1688473,'CARBONITE',1,1018,1,3);
INSERT INTO player VALUES(254,6,867329888,'Magier147','G746160409',654139,799252,'CARBONITE',2,5500,75,475);
INSERT INTO player VALUES(255,6,849672945,'Unicorncakes','G746160409',1124445,1857423,'BRONZIUM',4,11478,144,689);
INSERT INTO player VALUES(256,6,842925842,'Camman113','G746160409',1544269,2217900,'BRONZIUM',3,3861,40,220);
INSERT INTO player VALUES(257,6,818653183,'AiHex','G746160409',1191065,1637901,'BRONZIUM',4,6465,15,50);
INSERT INTO player VALUES(258,6,812814131,'Titan115','G746160409',680191,1253511,'CARBONITE',1,2605,157,608);
INSERT INTO player VALUES(259,6,811732959,'The Massalorian','G746160409',1100667,1485197,'CARBONITE',5,19185,51,490);
INSERT INTO player VALUES(260,6,778736578,'The Time Ninja','G746160409',1677351,2359952,'BRONZIUM',3,15272,61,409);
INSERT INTO player VALUES(261,6,776118518,'Pucker','G746160409',1166136,2043954,'CARBONITE',3,9377,518,821);
INSERT INTO player VALUES(262,6,772127472,'Merth14','G746160409',1169927,1676907,'CARBONITE',3,12052,144,880);
INSERT INTO player VALUES(263,6,769144997,'stryderjzw','G746160409',1533721,1836479,'BRONZIUM',2,6660,10,238);
INSERT INTO player VALUES(264,6,759267683,'Whitefox','G746160409',1794575,2216038,'BRONZIUM',1,273,9,94);
INSERT INTO player VALUES(265,6,751896676,'Bustaz','G746160409',1074806,1595930,'CARBONITE',2,4659,132,860);
INSERT INTO player VALUES(266,6,738679812,'Hank','G746160409',1399417,2145888,'CARBONITE',2,12693,322,268);
INSERT INTO player VALUES(267,6,716896212,'NOlen','G746160409',3135361,4478733,'KYBER',3,11833,10,45);
INSERT INTO player VALUES(268,6,667937846,'ddtorch','G746160409',1758005,2025166,'BRONZIUM',2,12069,115,307);
INSERT INTO player VALUES(269,6,662511953,'Fnodo','G746160409',959189,1427437,'CARBONITE',1,7178,31,433);
INSERT INTO player VALUES(270,6,629268449,'Francescoo7','G746160409',1268772,1747591,'BRONZIUM',2,8306,154,320);
INSERT INTO player VALUES(271,6,623398639,'CanadianFlash','G746160409',906799,1814690,'BRONZIUM',4,15281,485,279);
INSERT INTO player VALUES(272,6,622648375,'Zaknafien','G746160409',1165736,1852048,'CARBONITE',2,18337,76,299);
INSERT INTO player VALUES(273,6,586886293,'Invictus Ronin','G746160409',1246268,1553427,'BRONZIUM',5,2228,43,784);
INSERT INTO player VALUES(274,6,538994795,'OrangeFox','G746160409',1243419,1791841,'CARBONITE',1,773,29,269);
INSERT INTO player VALUES(275,6,512317447,'Tyan Serg','G746160409',1675821,2366645,'BRONZIUM',1,7277,17,284);
INSERT INTO player VALUES(276,6,484293664,'Paleguy','G746160409',1545847,2303145,'BRONZIUM',1,5402,75,124);
INSERT INTO player VALUES(277,6,461312493,'KyloRenJedi','G746160409',1989314,3209309,'BRONZIUM',5,4202,101,725);
INSERT INTO player VALUES(278,6,413742635,'Stormcrow','G746160409',1379734,2115104,'CARBONITE',1,360,22,137);
INSERT INTO player VALUES(279,6,389732376,'DarthDailo','G746160409',1253832,1459254,'BRONZIUM',4,15884,42,141);
INSERT INTO player VALUES(280,6,375467641,'Smurphy','G746160409',1203132,1548429,'BRONZIUM',4,13917,24,284);
INSERT INTO player VALUES(281,6,369472317,'Explxsive','G746160409',1178982,2169946,'BRONZIUM',3,2225,293,96);
INSERT INTO player VALUES(282,6,351352931,'brothers of arms and unknown','G746160409',1303615,1667961,'CARBONITE',2,1364,214,251);
INSERT INTO player VALUES(283,6,326458668,'Sapphirefox','G746160409',1350349,1794513,'CARBONITE',1,1369,66,157);
INSERT INTO player VALUES(284,6,278342864,'DarkHope17','G746160409',1671676,2195804,'CHROMIUM',5,12554,3,224);
INSERT INTO player VALUES(285,6,233737879,'undead','G746160409',1340418,2102720,'CARBONITE',2,8969,111,921);
INSERT INTO player VALUES(286,6,225419915,'DarthVikingz','G746160409',1678098,2397495,'CHROMIUM',4,14678,62,136);
INSERT INTO player VALUES(287,6,219952729,'Dan Djarin','G746160409',1776597,2124602,'CHROMIUM',2,6300,5,141);
INSERT INTO player VALUES(288,6,173319854,'Lycanthia','G746160409',768339,1334183,'CARBONITE',2,12945,120,202);
INSERT INTO player VALUES(289,6,168688624,'Clerical Farm2','G746160409',2923581,3810371,'AURODIUM',2,4999,41,262);
INSERT INTO player VALUES(290,6,168232195,'ApexJoker','G746160409',1169573,1312936,'BRONZIUM',3,4064,19,83);
INSERT INTO player VALUES(291,6,136351821,'Lezene Icewalker','G746160409',1867185,3053684,'CHROMIUM',4,14219,61,598);
INSERT INTO player VALUES(292,6,126483852,'CurlyMech','G746160409',1453536,1817347,'CARBONITE',1,3372,22,327);
INSERT INTO player VALUES(293,6,112498879,'CaptainJin','G746160409',1067329,1924246,'BRONZIUM',4,9638,99,489);
INSERT INTO player VALUES(294,6,985512294,'Schnu','G4246563087',1149925,1833050,'BRONZIUM',4,6064,96,167);
INSERT INTO player VALUES(295,6,978847392,'Filth Pig','G4246563087',1964661,3064104,'CHROMIUM',3,3505,91,576);
INSERT INTO player VALUES(296,6,965453547,'ImpressivëMostImpressive','G4246563087',3661190,5228845,'KYBER',3,10798,27,19);
INSERT INTO player VALUES(297,6,943119645,'Obi','G4246563087',1924841,2757886,'CHROMIUM',4,4566,57,205);
INSERT INTO player VALUES(298,6,937853856,'Jazzzen','G4246563087',2638126,4082340,'CHROMIUM',2,9043,108,149);
INSERT INTO player VALUES(299,6,921876874,'EXALTED','G4246563087',1271339,2126610,'CARBONITE',5,51550,133,914);
INSERT INTO player VALUES(300,6,865343741,'DarthGouki','G4246563087',1451680,2064734,'BRONZIUM',4,9041,87,764);
INSERT INTO player VALUES(301,6,863677814,'Itza Trap','G4246563087',2264374,3606351,'CARBONITE',2,14710,81,360);
INSERT INTO player VALUES(302,6,855465196,'Strife7x','G4246563087',1295636,1527988,'CARBONITE',4,2278,40,763);
INSERT INTO player VALUES(303,6,845616519,'mrlazy','G4246563087',2029934,3065253,'BRONZIUM',1,2238,54,367);
INSERT INTO player VALUES(304,6,828537854,'Jonnyblade81','G4246563087',1457525,2564667,'CARBONITE',5,66637,225,1939);
INSERT INTO player VALUES(305,6,825183536,'Churro','G4246563087',3080384,4771433,'KYBER',2,7161,18,13);
INSERT INTO player VALUES(306,6,813559961,'deadpillysad','G4246563087',2577622,4014436,'BRONZIUM',2,2631,93,1234);
INSERT INTO player VALUES(307,6,768338781,'Unterseeboots','G4246563087',1743697,2530019,'CHROMIUM',4,15487,37,357);
INSERT INTO player VALUES(308,6,759235174,'LordBaine','G4246563087',1518432,2261309,'BRONZIUM',5,13019,136,823);
INSERT INTO player VALUES(309,6,756293538,'Sonofasith','G4246563087',1453302,2230845,'CHROMIUM',4,7604,43,317);
INSERT INTO player VALUES(310,6,741543487,'TurkNJD','G4246563087',1539324,2172115,'BRONZIUM',3,13494,47,157);
INSERT INTO player VALUES(311,6,712199224,'Declan Barr','G4246563087',1479386,2280471,'CARBONITE',1,6166,112,443);
INSERT INTO player VALUES(312,6,691563793,'l0lnuub','G4246563087',1674951,2531190,'CHROMIUM',4,131,130,110);
INSERT INTO player VALUES(313,6,672137126,'Pavman03','G4246563087',1438457,2086225,'CHROMIUM',5,15087,42,79);
INSERT INTO player VALUES(314,6,667317656,'Ct5555','G4246563087',1178055,1697854,'CARBONITE',2,16778,95,651);
INSERT INTO player VALUES(315,6,647536386,'Jilles','G4246563087',2075095,2743152,'CHROMIUM',3,3500,38,209);
INSERT INTO player VALUES(316,6,625175691,'JustNova','G4246563087',1244143,1928539,'BRONZIUM',4,3309,130,238);
INSERT INTO player VALUES(317,6,578468334,'Akneekan skywooker','G4246563087',1491604,1776418,'CARBONITE',2,4725,175,1295);
INSERT INTO player VALUES(318,6,571798673,'JonSnowAwakens','G4246563087',3513647,5134881,'KYBER',2,810,37,45);
INSERT INTO player VALUES(319,6,545171597,'MINI gaven','G4246563087',1311989,2138161,'CHROMIUM',5,11830,74,540);
INSERT INTO player VALUES(320,6,543422795,'Chewingbacca','G4246563087',2206367,2983350,'BRONZIUM',4,11603,135,411);
INSERT INTO player VALUES(321,6,536454289,'YavinToo','G4246563087',2084670,2961879,'CHROMIUM',1,573,33,343);
INSERT INTO player VALUES(322,6,493833675,'Cero Kurn','G4246563087',1599829,2931707,'BRONZIUM',2,5952,138,327);
INSERT INTO player VALUES(323,6,492326637,'jakkmon','G4246563087',1035640,1693672,'CARBONITE',1,6955,104,292);
INSERT INTO player VALUES(324,6,486844631,'Endor','G4246563087',1085405,1937083,'CARBONITE',2,11938,162,781);
INSERT INTO player VALUES(325,6,478561164,'Geonightman','G4246563087',1937899,2544635,'CARBONITE',1,1818,75,567);
INSERT INTO player VALUES(326,6,437397947,'Juules','G4246563087',1354124,2357925,'CHROMIUM',5,7182,259,313);
INSERT INTO player VALUES(327,6,436892714,'IndieAnna125','G4246563087',1265164,1838258,'BRONZIUM',2,6999,22,343);
INSERT INTO player VALUES(328,6,413863776,'Vaena','G4246563087',2437438,3900408,'AURODIUM',5,5959,58,555);
INSERT INTO player VALUES(329,6,345927444,'ChillZeR','G4246563087',589832,921997,'CARBONITE',3,5516,33,565);
INSERT INTO player VALUES(330,6,327378288,'Majorproblem','G4246563087',2282453,3594691,'CHROMIUM',5,224,48,589);
INSERT INTO player VALUES(331,6,326742656,'Vin Edge','G4246563087',2399503,3127595,'BRONZIUM',5,5487,25,262);
INSERT INTO player VALUES(332,6,318877865,'DBA1138','G4246563087',2216336,2850926,'BRONZIUM',1,635,42,443);
INSERT INTO player VALUES(333,6,312438286,'Sulimo','G4246563087',2437758,3859843,'CHROMIUM',3,1871,103,133);
INSERT INTO player VALUES(334,6,293234626,'Goblynn','G4246563087',1705124,2364965,'CARBONITE',5,73780,194,1829);
INSERT INTO player VALUES(335,6,269889381,'Mr Turkey Lurky','G4246563087',965723,1736420,'BRONZIUM',4,1416,279,1227);
INSERT INTO player VALUES(336,6,256847846,'Mitme Stada','G4246563087',1231605,2003034,'CARBONITE',5,30805,130,856);
INSERT INTO player VALUES(337,6,255278417,'Prash Sadaun','G4246563087',2093661,2991310,'BRONZIUM',4,11133,65,135);
INSERT INTO player VALUES(338,6,219864238,'Desaer','G4246563087',1597513,1963025,'CARBONITE',3,5679,306,311);
INSERT INTO player VALUES(339,6,219847223,'Jolcun Veranes','G4246563087',1304296,2096178,'CHROMIUM',4,14820,41,128);
INSERT INTO player VALUES(340,6,211465167,'Antonio','G4246563087',1065585,1315525,'CARBONITE',3,17335,52,931);
INSERT INTO player VALUES(341,6,176798558,'Poofy','G4246563087',1685462,2396041,'CHROMIUM',5,3701,58,86);
INSERT INTO player VALUES(342,6,149824892,'DeadshotC137','G4246563087',2047724,2948003,'CARBONITE',4,26264,72,741);
INSERT INTO player VALUES(343,6,138745349,'TheFalseRoman','G4246563087',1962112,3215089,'BRONZIUM',4,9785,47,203);
INSERT INTO player VALUES(344,6,923527349,'Trufra Cadav','G997172894',2920954,3554441,'BRONZIUM',3,5267,49,921);
INSERT INTO player VALUES(345,6,919691495,'Miamo','G997172894',915608,1365028,'CARBONITE',5,30129,182,1360);
INSERT INTO player VALUES(346,6,918346314,'Mungo1','G997172894',2058775,2485972,'CARBONITE',2,4913,130,1067);
INSERT INTO player VALUES(347,6,889968276,'AltDot','G997172894',2285378,2789747,'CARBONITE',4,31500,124,196);
INSERT INTO player VALUES(348,6,866387997,'N3VETZ','G997172894',33063,90924,'UNKNOWN',6,0,857,2603);
INSERT INTO player VALUES(349,6,861362288,'Batoo','G997172894',275186,526868,'CARBONITE',4,43928,637,4782);
INSERT INTO player VALUES(350,6,847298732,'savage','G997172894',174009,352602,'UNKNOWN',6,0,318,1802);
INSERT INTO player VALUES(351,6,836143183,'Jakuu Malocc','G997172894',1415416,2299621,'CARBONITE',5,76096,199,1859);
INSERT INTO player VALUES(352,6,831468886,'ArchMultani','G997172894',1692165,2391285,'CARBONITE',5,52804,121,407);
INSERT INTO player VALUES(353,6,784157969,'Jubejube98','G997172894',626009,1305455,'CARBONITE',4,31601,313,1362);
INSERT INTO player VALUES(354,6,783429841,'Darksuka','G997172894',114168,203840,'UNKNOWN',6,0,570,1157);
INSERT INTO player VALUES(355,6,776232571,'Mouthofbees 782','G997172894',616640,1016517,'CARBONITE',4,41174,183,1435);
INSERT INTO player VALUES(356,6,762766317,'Dave Rendar','G997172894',1435549,1661120,'CARBONITE',5,66215,186,1292);
INSERT INTO player VALUES(357,6,752244447,'LordJezza77','G997172894',961579,1679174,'CARBONITE',5,80099,105,449);
INSERT INTO player VALUES(358,6,693415512,'Kyla Windbourne','G997172894',499740,663185,'CARBONITE',5,60959,93,1424);
INSERT INTO player VALUES(359,6,641228528,'DRazor','G997172894',2130282,2974838,'BRONZIUM',3,6490,62,773);
INSERT INTO player VALUES(360,6,641128939,'Lon','G997172894',38563,201947,'UNKNOWN',6,0,837,2989);
INSERT INTO player VALUES(361,6,633291657,'Lorna Bai','G997172894',2892941,3861297,'BRONZIUM',1,602,109,254);
INSERT INTO player VALUES(362,6,626473281,'DC','G997172894',1943175,2907011,'CARBONITE',1,2136,72,418);
INSERT INTO player VALUES(363,6,615594218,'Ceth Senpai','G997172894',1253977,1777678,'CARBONITE',3,31121,71,883);
INSERT INTO player VALUES(364,6,593955719,'water green','G997172894',2827117,3941771,'BRONZIUM',2,6622,99,283);
INSERT INTO player VALUES(365,6,588496685,'Sarith LeKit','G997172894',555928,699091,'CARBONITE',5,53181,188,1424);
INSERT INTO player VALUES(366,6,587317358,'Jimmy DNG','G997172894',2989290,3917160,'BRONZIUM',5,16533,180,218);
INSERT INTO player VALUES(367,6,584669628,'Felixxx','G997172894',1070620,1599792,'BRONZIUM',3,2716,52,229);
INSERT INTO player VALUES(368,6,584532575,'oliambeamsaber','G997172894',1069898,1714128,'CARBONITE',3,15406,137,1229);
INSERT INTO player VALUES(369,6,578356376,'Shaker','G997172894',2189257,2436414,'BRONZIUM',4,289,59,557);
INSERT INTO player VALUES(370,6,569654484,'Jabweh','G997172894',1322152,2308760,'CHROMIUM',5,6435,103,175);
INSERT INTO player VALUES(371,6,558311437,'JHaus','G997172894',43413,91727,'UNKNOWN',6,0,882,5904);
INSERT INTO player VALUES(372,6,533444825,'Nema Ghyron','G997172894',2893826,3880052,'BRONZIUM',3,8047,85,243);
INSERT INTO player VALUES(373,6,522797955,'Mol Eliza','G997172894',2400470,3400720,'BRONZIUM',3,6995,51,244);
INSERT INTO player VALUES(374,6,511188838,'Plinker','G997172894',2125422,3132810,'AURODIUM',5,9412,206,316);
INSERT INTO player VALUES(375,6,488397628,'Sifbacca','G997172894',1504620,1944780,'BRONZIUM',2,5742,18,216);
INSERT INTO player VALUES(376,6,484797364,'Rampage','G997172894',1758831,2373552,'BRONZIUM',4,12111,120,1025);
INSERT INTO player VALUES(377,6,447317119,'Jaker408','G997172894',363038,675032,'CARBONITE',5,25986,475,677);
INSERT INTO player VALUES(378,6,378861885,'Jediroy','G997172894',269349,475758,'UNKNOWN',6,0,480,1458);
INSERT INTO player VALUES(379,6,375716325,'Jeeeddddiii','G997172894',1507227,2401776,'CARBONITE',5,55803,137,1293);
INSERT INTO player VALUES(380,6,363729314,'Spokles','G997172894',68239,238356,'UNKNOWN',6,0,926,3476);
INSERT INTO player VALUES(381,6,355574864,'Nayr Nosnah','G997172894',1542282,2715483,'CARBONITE',3,19380,234,282);
INSERT INTO player VALUES(382,6,349613735,'carlega','G997172894',1434413,1838620,'CARBONITE',2,21119,120,1686);
INSERT INTO player VALUES(383,6,343475718,'NomadicJewel552','G997172894',1432117,1963587,'CARBONITE',5,56920,125,1462);
INSERT INTO player VALUES(384,6,336686637,'Water','G997172894',109395,295813,'UNKNOWN',6,0,516,2471);
INSERT INTO player VALUES(385,6,331719839,'v0mit','G997172894',2202820,3658898,'CHROMIUM',4,1892,67,801);
INSERT INTO player VALUES(386,6,273581874,'IMPei','G997172894',2516379,3825653,'BRONZIUM',4,11546,187,291);
INSERT INTO player VALUES(387,6,246611267,'Rollmeonekenobi','G997172894',1689421,2309058,'CHROMIUM',3,7574,112,264);
INSERT INTO player VALUES(388,6,236836141,'SlyGuy','G997172894',1490518,2445498,'BRONZIUM',3,783,97,519);
INSERT INTO player VALUES(389,6,226479538,'Fatty Lumpkin','G997172894',967017,1532099,'CARBONITE',5,68201,204,559);
INSERT INTO player VALUES(390,6,223737711,'Teggrums','G997172894',2778050,4075026,'CARBONITE',5,56352,41,437);
INSERT INTO player VALUES(391,6,221472995,'Thorington','G997172894',1218627,1989495,'CARBONITE',3,22959,148,1010);
INSERT INTO player VALUES(392,6,198128283,'Xydero908','G997172894',140669,377294,'CARBONITE',5,34154,574,2252);
INSERT INTO player VALUES(393,6,142567662,'Reorxe','G997172894',438744,533829,'CARBONITE',3,31475,34,620);
INSERT INTO player VALUES(394,6,996824772,'ブラスト','G4127026233',1434239,1992209,'CARBONITE',3,1095,235,168);
INSERT INTO player VALUES(395,6,987778572,'Stabilo Cappi','G4127026233',1363920,1942913,'BRONZIUM',5,5566,71,499);
INSERT INTO player VALUES(396,6,969562745,'Ewoks collector','G4127026233',1453810,2139686,'CARBONITE',2,4977,111,718);
INSERT INTO player VALUES(397,6,957186352,'Browny Eyes','G4127026233',1177492,1913982,'CARBONITE',3,8618,232,314);
INSERT INTO player VALUES(398,6,935253319,'Ndarion Undil','G4127026233',1111421,1808094,'CARBONITE',2,7252,104,1577);
INSERT INTO player VALUES(399,6,935115886,'レックス','G4127026233',969068,1571978,'CARBONITE',5,15108,152,1350);
INSERT INTO player VALUES(400,6,921894449,'Spms7949','G4127026233',1133513,1539757,'CARBONITE',3,26666,116,1363);
INSERT INTO player VALUES(401,6,914242799,'milky','G4127026233',2458502,3598523,'BRONZIUM',4,6716,347,215);
INSERT INTO player VALUES(402,6,868966165,'Yummy Porgs','G4127026233',1629102,2477044,'CARBONITE',3,14832,126,809);
INSERT INTO player VALUES(403,6,868353899,'ゼロ','G4127026233',1026617,1424683,'CARBONITE',3,31574,1060,735);
INSERT INTO player VALUES(404,6,862822967,'座木','G4127026233',365927,559645,'CARBONITE',5,21693,647,470);
INSERT INTO player VALUES(405,6,838537522,'MIU205K','G4127026233',488632,814856,'CARBONITE',5,64770,94,1028);
INSERT INTO player VALUES(406,6,785857797,'金剛力','G4127026233',1996265,3126122,'CHROMIUM',4,1239,84,156);
INSERT INTO player VALUES(407,6,746539272,'ばりむ','G4127026233',313960,598105,'CARBONITE',5,44536,246,1828);
INSERT INTO player VALUES(408,6,741878993,'churashima','G4127026233',1284389,2381524,'CARBONITE',5,66648,76,231);
INSERT INTO player VALUES(409,6,727315347,'よっしー','G4127026233',999694,1504452,'CARBONITE',2,4068,72,187);
INSERT INTO player VALUES(410,6,714437488,'gangimari','G4127026233',415918,856782,'CARBONITE',4,7489,202,965);
INSERT INTO player VALUES(411,6,689627114,'Reirei','G4127026233',593816,1343268,'BRONZIUM',5,5343,208,694);
INSERT INTO player VALUES(412,6,689229448,'Mitsu','G4127026233',1780080,2421219,'CHROMIUM',4,16732,99,869);
INSERT INTO player VALUES(413,6,683117842,'ハイチオールC','G4127026233',187440,239035,'UNKNOWN',6,0,420,1284);
INSERT INTO player VALUES(414,6,594869399,'かつひと','G4127026233',2428904,3684129,'CARBONITE',5,35938,180,363);
INSERT INTO player VALUES(415,6,587827712,'ガキ男','G4127026233',117894,261573,'UNKNOWN',6,0,490,2994);
INSERT INTO player VALUES(416,6,542615623,'oliverclothesov','G4127026233',334456,619059,'CARBONITE',5,76113,356,732);
INSERT INTO player VALUES(417,6,518425441,'アソーカ タノ','G4127026233',831363,1434088,'BRONZIUM',3,8019,398,582);
INSERT INTO player VALUES(418,6,497598358,'R2 D2','G4127026233',759973,1288293,'BRONZIUM',5,13332,1094,446);
INSERT INTO player VALUES(419,6,474798659,'ジューク','G4127026233',44011,155726,'UNKNOWN',6,0,702,1780);
INSERT INTO player VALUES(420,6,447745699,'コスモファルコン','G4127026233',707313,996208,'CARBONITE',5,65252,135,2142);
INSERT INTO player VALUES(421,6,439763639,'Sckurrr','G4127026233',995597,1443224,'BRONZIUM',3,7235,16,77);
INSERT INTO player VALUES(422,6,417445724,'Lenders Quizan','G4127026233',99213,246271,'UNKNOWN',6,0,592,2221);
INSERT INTO player VALUES(423,6,396492931,'Norie Yuda','G4127026233',1505459,2318698,'BRONZIUM',3,29,107,515);
INSERT INTO player VALUES(424,6,365685652,'Luis Yavok','G4127026233',1307613,1556508,'CARBONITE',5,80717,199,1470);
INSERT INTO player VALUES(425,6,365616699,'siron','G4127026233',800419,1102014,'CARBONITE',4,22369,60,187);
INSERT INTO player VALUES(426,6,355585316,'Atsushi','G4127026233',1026698,1632376,'CARBONITE',5,14452,182,1422);
INSERT INTO player VALUES(427,6,329374975,'godaimer','G4127026233',1073514,1539195,'CARBONITE',4,13154,84,1006);
INSERT INTO player VALUES(428,6,314743271,'Ren Gundo','G4127026233',1009070,1381847,'CARBONITE',2,7870,117,1280);
INSERT INTO player VALUES(429,6,287146513,'Mikkun','G4127026233',1612085,2148843,'BRONZIUM',5,4148,79,532);
INSERT INTO player VALUES(430,6,286199857,'髑髏組 組長 肋骨折之介','G4127026233',1523162,2236327,'CARBONITE',3,8339,94,1509);
INSERT INTO player VALUES(431,6,284394391,'過ぎ去りし時を求めて','G4127026233',141881,401075,'UNKNOWN',6,0,501,2284);
INSERT INTO player VALUES(432,6,282695491,'Dice','G4127026233',1475919,2271684,'CARBONITE',3,12295,48,279);
INSERT INTO player VALUES(433,6,274472411,'Joshy','G4127026233',2040278,3417480,'BRONZIUM',2,6523,481,217);
INSERT INTO player VALUES(434,6,253721798,'Mol Eliza','G4127026233',571648,733486,'CARBONITE',5,29325,632,257);
INSERT INTO player VALUES(435,6,244663822,'HORI','G4127026233',821228,1138621,'CARBONITE',5,87964,148,1265);
INSERT INTO player VALUES(436,6,239563199,'Mol Eliza','G4127026233',315490,626888,'CARBONITE',5,33279,1928,987);
INSERT INTO player VALUES(437,6,193439444,'Kaytee Glopio','G4127026233',942069,1684759,'CARBONITE',5,54862,99,670);
INSERT INTO player VALUES(438,6,151992388,'Dayo Nedar','G4127026233',2319807,3508045,'BRONZIUM',3,10661,156,161);
INSERT INTO player VALUES(439,6,149264613,'T','G4127026233',1234247,2356716,'CARBONITE',3,10244,352,386);
INSERT INTO player VALUES(440,6,147268542,'bamekaa','G4127026233',1226865,2115791,'CARBONITE',5,35991,266,1181);
INSERT INTO player VALUES(441,6,143877522,'タチャンカ','G4127026233',416468,924097,'CARBONITE',5,64946,453,1882);
INSERT INTO player VALUES(442,6,136166694,'Alysha Doneeta','G4127026233',1170194,1702684,'CARBONITE',5,87363,157,1326);
INSERT INTO player VALUES(443,6,121485895,'morethan','G4127026233',507912,903589,'CARBONITE',5,80474,282,1664);
INSERT INTO player VALUES(444,6,916759261,'EnderDragon10505','',790083,1634746,'CARBONITE',3,11985,226,893);
INSERT INTO player VALUES(445,5,667317656,'Ct5555','G4246563087',1178055,1697854,'CARBONITE',2,16778,95,651);
INSERT INTO player VALUES(446,5,916759261,'EnderDragon10505','',790083,1634746,'CARBONITE',3,11985,226,893);
INSERT INTO player VALUES(447,5,439763639,'Sckurrr','G4127026233',995597,1443224,'BRONZIUM',3,7235,16,77);
INSERT INTO player VALUES(448,5,488397628,'Sifbacca','G997172894',1504620,1944780,'BRONZIUM',2,5742,18,216);
INSERT INTO player VALUES(449,4,439763639,'Sckurrr','G4127026233',995597,1443224,'BRONZIUM',3,7235,16,77);
INSERT INTO player VALUES(450,4,488397628,'Sifbacca','G997172894',1504620,1944780,'BRONZIUM',2,5742,18,216);
INSERT INTO player VALUES(451,3,439763639,'Sckurrr','G4127026233',995597,1443224,'BRONZIUM',3,7235,16,77);
INSERT INTO player VALUES(452,3,488397628,'Sifbacca','G997172894',1504620,1944780,'BRONZIUM',2,5742,18,216);
INSERT INTO player VALUES(453,2,439763639,'Sckurrr','G4127026233',995597,1443224,'BRONZIUM',3,7235,16,77);
INSERT INTO player VALUES(454,2,488397628,'Sifbacca','G997172894',1504620,1944780,'BRONZIUM',2,5742,18,216);
CREATE INDEX "guild_time_id" ON "guild" ("time_id");
CREATE INDEX "player_time_id" ON "player" ("time_id");
COMMIT;
