PRAGMA foreign_keys=OFF;
BEGIN TRANSACTION;
CREATE TABLE IF NOT EXISTS "collectiontime" ("id" INTEGER NOT NULL PRIMARY KEY, "time" DATETIME NOT NULL);
INSERT INTO collectiontime VALUES(1,'2022-12-01 12:54:36');
INSERT INTO collectiontime VALUES(2,'2022-12-08 17:07:56');
INSERT INTO collectiontime VALUES(3,'2022-12-18 05:11:47');
INSERT INTO collectiontime VALUES(4,'2022-12-21 12:04:36');
INSERT INTO collectiontime VALUES(5,'2022-12-28 17:41:16');
INSERT INTO collectiontime VALUES(6,'2022-12-30 16:40:38');
INSERT INTO collectiontime VALUES(7,'2023-01-02 03:55:38');
INSERT INTO collectiontime VALUES(8,'2023-01-04 17:13:38');
INSERT INTO collectiontime VALUES(9,'2023-01-05 12:58:47');
CREATE TABLE IF NOT EXISTS "guild" ("id" INTEGER NOT NULL PRIMARY KEY, "time_id" INTEGER NOT NULL, "guild_id" VARCHAR(255) NOT NULL, "name" VARCHAR(255) NOT NULL, "description" VARCHAR(255) NOT NULL, FOREIGN KEY ("time_id") REFERENCES "collectiontime" ("id"));
INSERT INTO guild VALUES(1,6,'G746160409','THE SENATE ΞConcord DawnΞ','Discord required: discord.thesenate.gg - 450+ tickets/daily - 2.5 mil GP');
INSERT INTO guild VALUES(2,6,'G4246563087','THE SENATE ΞHøthΞ','The coolest guild of the Senate Alliance - https://discord.gg/sJp3EJsM');
INSERT INTO guild VALUES(3,6,'G997172894','Fun for everyone','Open all lvl 7 raid');
INSERT INTO guild VALUES(4,6,'G4127026233','アマテラス','銀河に平和を！');
INSERT INTO guild VALUES(5,7,'G746160409','THE SENATE ΞConcord DawnΞ','Discord required: discord.thesenate.gg - 450+ tickets/daily - 2.5 mil GP');
INSERT INTO guild VALUES(6,7,'G4246563087','THE SENATE ΞHøthΞ','The coolest guild of the Senate Alliance - https://discord.gg/sJp3EJsM');
INSERT INTO guild VALUES(7,7,'G997172894','Fun for everyone','Open all lvl 7 raid');
INSERT INTO guild VALUES(8,7,'G4127026233','アマテラス','銀河に平和を！');
INSERT INTO guild VALUES(9,8,'G746160409','THE SENATE ΞConcord DawnΞ','Discord required: discord.thesenate.gg - 450+ tickets/daily - 2.5 mil GP');
INSERT INTO guild VALUES(10,8,'G4246563087','THE SENATE ΞHøthΞ','The coolest guild of the Senate Alliance - https://discord.gg/sJp3EJsM');
INSERT INTO guild VALUES(11,8,'G997172894','Fun for everyone','Open all lvl 7 raid');
INSERT INTO guild VALUES(12,8,'G4127026233','アマテラス','銀河に平和を！');
INSERT INTO guild VALUES(13,9,'G746160409','THE SENATE ΞConcord DawnΞ','Discord required: discord.thesenate.gg - 450+ tickets/daily - 2.5 mil GP');
INSERT INTO guild VALUES(14,9,'G4246563087','THE SENATE ΞHøthΞ','The coolest guild of the Senate Alliance - https://discord.gg/sJp3EJsM');
INSERT INTO guild VALUES(15,9,'G997172894','Fun for everyone','Open all lvl 7 raid');
INSERT INTO guild VALUES(16,9,'G4127026233','アマテラス','銀河に平和を！');
INSERT INTO guild VALUES(17,9,'G4072695867','||DnD||','GP >7.5M. TB 33*/32*. Rancor slaying. Discord: J5Kbfep(must). Be respectful. Have fun!');
CREATE TABLE IF NOT EXISTS "player" ("id" INTEGER NOT NULL PRIMARY KEY, "time_id" INTEGER NOT NULL, "allycode" INTEGER NOT NULL, "name" VARCHAR(255) NOT NULL, "guild_id" VARCHAR(255) NOT NULL, "ship_gp" INTEGER NOT NULL, "character_gp" INTEGER NOT NULL, "gac_league" VARCHAR(255) NOT NULL, "gac_division" INTEGER NOT NULL, "gac_rank" INTEGER NOT NULL, "fleet_rank" INTEGER NOT NULL, "squad_rank" INTEGER NOT NULL, FOREIGN KEY ("time_id") REFERENCES "collectiontime" ("id"));
INSERT INTO player VALUES(1,1,168232195,'ApexJoker','G746160409',1051546,1115977,'Bronzium',3,2216,20,80);
INSERT INTO player VALUES(2,1,667937846,'ddtorch','G746160409',1562567,1768331,'Bronzium',3,2263,115,276);
INSERT INTO player VALUES(3,1,369472317,'Explxsive','G746160409',1030858,2037289,'Bronzium',3,2244,303,120);
INSERT INTO player VALUES(4,1,225419915,'DarthVikingz','G746160409',1516051,2271687,'Chromium',3,2511,62,261);
INSERT INTO player VALUES(5,1,326458668,'Sapphirefox','G746160409',1231843,1651368,'Carbonite',2,2039,69,469);
INSERT INTO player VALUES(6,1,769144997,'stryderjzw','G746160409',1403917,1729071,'Bronzium',2,2305,10,217);
INSERT INTO player VALUES(7,1,351352931,'brothers of arms and unknown','G746160409',1210643,1558282,'Carbonite',2,1996,214,234);
INSERT INTO player VALUES(8,1,776118518,'Pucker','G746160409',1086059,1920596,'Carbonite',3,1883,612,938);
INSERT INTO player VALUES(9,1,126483852,'CurlyMech','G746160409',1329758,1737936,'Carbonite',2,1960,31,310);
INSERT INTO player VALUES(10,1,818653183,'AiHex','G746160409',1129042,1496028,'Bronzium',3,2204,6,74);
INSERT INTO player VALUES(11,1,772127472,'Merth','G746160409',1081245,1572472,'Carbonite',2,1934,112,808);
INSERT INTO player VALUES(12,1,759267683,'Whitefox','G746160409',1728142,2077741,'Bronzium',2,2342,4,105);
INSERT INTO player VALUES(13,1,278342864,'DarkHope17','G746160409',1555970,2111865,'Chromium',4,2454,5,159);
INSERT INTO player VALUES(14,1,849672945,'Unicorncakes','G746160409',1035681,1764440,'Bronzium',4,2181,127,815);
INSERT INTO player VALUES(15,1,874296875,'shaneet977','G746160409',961353,1092070,'Carbonite',3,1920,39,256);
INSERT INTO player VALUES(16,1,751896676,'Bustaz','G746160409',993902,1484853,'Carbonite',2,1991,127,852);
INSERT INTO player VALUES(17,1,219952729,'Dan Djarin','G746160409',1690234,2012018,'Chromium',3,2517,6,227);
INSERT INTO player VALUES(18,1,957634294,'Merovecht','G746160409',1325332,1851778,'Carbonite',2,2051,17,93);
INSERT INTO player VALUES(19,1,917787877,'RedFox','G746160409',2146130,3010356,'Aurodium',4,2704,53,413);
INSERT INTO player VALUES(20,1,811732959,'The Massalorian','G746160409',1042493,1411576,'Carbonite',5,1223,58,416);
INSERT INTO player VALUES(21,1,992228328,'The Dandalorian','G746160409',1344725,2062174,'Chromium',3,2519,30,205);
INSERT INTO player VALUES(22,1,629268449,'Francescoo7','G746160409',1183753,1628229,'Bronzium',4,2160,182,274);
INSERT INTO player VALUES(23,1,662511953,'Fnodo','G746160409',881837,1303164,'Carbonite',2,1968,24,615);
INSERT INTO player VALUES(24,1,623398639,'CanadianFlash','G746160409',869102,1729344,'Carbonite',1,2126,485,384);
INSERT INTO player VALUES(25,1,484293664,'Paleguy','G746160409',1487964,2154295,'Bronzium',3,2268,73,90);
INSERT INTO player VALUES(26,1,538994795,'OrangeFox','G746160409',1180434,1709377,'Carbonite',2,2006,30,394);
INSERT INTO player VALUES(27,1,586886293,'Invictus Ronin','G746160409',1175626,1453217,'Bronzium',4,2184,54,1034);
INSERT INTO player VALUES(28,1,924957122,'Mol Kibar','G746160409',1476642,2050395,'Bronzium',3,2281,32,7);
INSERT INTO player VALUES(29,1,667317656,'Ct5555','G746160409',1143397,1622475,'Carbonite',3,1887,89,742);
INSERT INTO player VALUES(30,1,389732376,'DarthDailo','G746160409',1189994,1357866,'Bronzium',3,2282,62,86);
INSERT INTO player VALUES(31,1,938893196,'Kanye Khalifa','G746160409',1500987,2228458,'Chromium',4,2412,24,111);
INSERT INTO player VALUES(32,1,778736578,'The Time Ninja','G746160409',1586622,2296500,'Bronzium',3,2245,92,370);
INSERT INTO player VALUES(33,1,233737879,'undead','G746160409',1293190,2046673,'Carbonite',3,1766,77,829);
INSERT INTO player VALUES(34,1,867329888,'Magier147','G746160409',632518,733910,'Carbonite',3,1911,69,363);
INSERT INTO player VALUES(35,1,168688624,'Clerical Farm2','G746160409',2811297,3744020,'Kyber',3,3179,71,393);
INSERT INTO player VALUES(36,1,512317447,'Tyan Serg','G746160409',1621340,2307809,'Bronzium',2,2371,11,289);
INSERT INTO player VALUES(37,1,738679812,'Hank','G746160409',1375041,2072831,'Carbonite',2,1930,364,380);
INSERT INTO player VALUES(38,1,812814131,'Titan115','G746160409',663413,1233193,'Carbonite',3,1918,152,588);
INSERT INTO player VALUES(39,1,461312493,'KyloRenJedi','G746160409',1957489,3138174,'Bronzium',4,2174,114,613);
INSERT INTO player VALUES(40,1,716896212,'NOlen','G746160409',3113932,4398848,'Kyber',3,3248,5,102);
INSERT INTO player VALUES(41,1,921278768,'Rogue66697','G746160409',1786816,2594757,'Carbonite',3,1830,64,810);
INSERT INTO player VALUES(42,1,671576416,'MINI Jeepers4489','G746160409',809466,1530063,'Bronzium',4,2159,51,829);
INSERT INTO player VALUES(43,1,136351821,'Lezene Icewalker','G746160409',1849729,2968420,'Chromium',4,2374,74,637);
INSERT INTO player VALUES(44,1,622648375,'Zaknafien','G746160409',1149997,1825562,'Carbonite',3,1877,76,293);
INSERT INTO player VALUES(45,1,413742635,'Stormcro','G746160409',1359449,2008864,'Carbonite',2,2005,24,141);
INSERT INTO player VALUES(46,1,916759261,'EnderDragon10505','G746160409',789432,1633401,'Carbonite',3,1891,196,859);
INSERT INTO player VALUES(47,1,367251355,'SgtPickle','G746160409',1318756,1869846,'Bronzium',4,2143,154,1002);
INSERT INTO player VALUES(48,1,488397628,'Sifbacca','G746160409',1329269,1993903,'Bronzium',2,2383,20,182);
INSERT INTO player VALUES(49,1,439763639,'Sckurrr','G746160409',913327,1369990,'Bronzium',3,2213,13,190);
INSERT INTO player VALUES(50,1,173319854,'Lycanthia','G746160409',754446,1313379,'Carbonite',3,1920,131,424);
INSERT INTO player VALUES(51,2,992228328,'The Dandalorian','G746160409',1356937,2080901,'CHROMIUM',3,15567,33,184);
INSERT INTO player VALUES(52,2,957634294,'Merovecht','G746160409',1327965,1855457,'CARBONITE',2,827,22,61);
INSERT INTO player VALUES(53,2,938893196,'Khalifa','G746160409',1515467,2249956,'CHROMIUM',4,2779,26,109);
INSERT INTO player VALUES(54,2,924957122,'Mol Kibar','G746160409',1502392,2086149,'BRONZIUM',3,21202,32,11);
INSERT INTO player VALUES(55,2,921278768,'Rogue66697','G746160409',1790722,2600428,'CARBONITE',3,9878,58,907);
INSERT INTO player VALUES(56,2,917787877,'RedFox','G746160409',2160011,3029826,'AURODIUM',4,11879,53,393);
INSERT INTO player VALUES(57,2,916759261,'EnderDragon10505','G746160409',790083,1634746,'CARBONITE',3,14173,196,859);
INSERT INTO player VALUES(58,2,874296875,'shaneet977','G746160409',974721,1107256,'CARBONITE',3,13118,60,256);
INSERT INTO player VALUES(59,2,867329888,'Magier147','G746160409',637810,740050,'CARBONITE',3,1348,79,363);
INSERT INTO player VALUES(60,2,849672945,'Unicorncakes','G746160409',1051854,1791994,'BRONZIUM',4,7241,126,875);
INSERT INTO player VALUES(61,2,818653183,'AiHex','G746160409',1157737,1534051,'BRONZIUM',3,15242,13,122);
INSERT INTO player VALUES(62,2,812814131,'Titan115','G746160409',668031,1241777,'CARBONITE',3,13415,157,588);
INSERT INTO player VALUES(63,2,811732959,'The Massalorian','G746160409',1061118,1436794,'CARBONITE',5,47936,69,368);
INSERT INTO player VALUES(64,2,778736578,'The Time Ninja','G746160409',1596680,2311057,'BRONZIUM',3,16492,76,327);
INSERT INTO player VALUES(65,2,776118518,'Pucker','G746160409',1102786,1950177,'CARBONITE',3,18493,612,938);
INSERT INTO player VALUES(66,2,772127472,'Merth','G746160409',1098843,1598065,'CARBONITE',2,23502,91,756);
INSERT INTO player VALUES(67,2,769144997,'stryderjzw','G746160409',1419743,1748563,'BRONZIUM',2,4942,8,207);
INSERT INTO player VALUES(68,2,759267683,'Whitefox','G746160409',1739565,2091475,'BRONZIUM',2,1771,7,197);
INSERT INTO player VALUES(69,2,751896676,'Bustaz','G746160409',1005098,1501578,'CARBONITE',2,10159,127,809);
INSERT INTO player VALUES(70,2,738679812,'Hank','G746160409',1385466,2088547,'CARBONITE',2,19090,364,349);
INSERT INTO player VALUES(71,2,716896212,'NOlen','G746160409',3119333,4406478,'KYBER',3,1731,13,139);
INSERT INTO player VALUES(72,2,671576416,'MINI Jeepers4489','G746160409',809664,1530438,'BRONZIUM',4,11473,41,829);
INSERT INTO player VALUES(73,2,667937846,'ddtorch','G746160409',1637084,1852660,'BRONZIUM',3,13389,115,233);
INSERT INTO player VALUES(74,2,667317656,'Ct5555','G746160409',1168169,1657627,'CARBONITE',3,18077,98,658);
INSERT INTO player VALUES(75,2,662511953,'Fnodo','G746160409',891675,1317701,'CARBONITE',2,13405,35,445);
INSERT INTO player VALUES(76,2,629268449,'Francescoo7','G746160409',1201535,1652688,'BRONZIUM',4,16357,154,320);
INSERT INTO player VALUES(77,2,623398639,'CanadianFlash','G746160409',888813,1768566,'BRONZIUM',4,19692,485,287);
INSERT INTO player VALUES(78,2,622648375,'Zaknafien','G746160409',1152709,1829867,'CARBONITE',3,3915,76,305);
INSERT INTO player VALUES(79,2,586886293,'Invictus Ronin','G746160409',1185469,1465383,'BRONZIUM',4,6738,53,826);
INSERT INTO player VALUES(80,2,538994795,'OrangeFox','G746160409',1195310,1730919,'CARBONITE',2,24718,37,277);
INSERT INTO player VALUES(81,2,512317447,'Tyan Serg','G746160409',1626077,2314552,'BRONZIUM',2,1545,12,216);
INSERT INTO player VALUES(82,2,484293664,'Paleguy','G746160409',1519853,2200463,'BRONZIUM',3,2581,74,125);
INSERT INTO player VALUES(83,2,461312493,'KyloRenJedi','G746160409',1962576,3146328,'BRONZIUM',4,21371,114,600);
INSERT INTO player VALUES(84,2,413742635,'Stormcrow','G746160409',1361721,2012221,'CARBONITE',2,8106,26,153);
INSERT INTO player VALUES(85,2,389732376,'DarthDailo','G746160409',1222753,1395247,'BRONZIUM',3,860,62,86);
INSERT INTO player VALUES(86,2,369472317,'Explxsive','G746160409',1048842,2072829,'BRONZIUM',3,16664,257,143);
INSERT INTO player VALUES(87,2,367251355,'SgtPickle','G746160409',1319256,1870555,'BRONZIUM',4,18728,154,914);
INSERT INTO player VALUES(88,2,351352931,'brothers of arms and unknown','G746160409',1226287,1578417,'CARBONITE',2,9397,214,244);
INSERT INTO player VALUES(89,2,326458668,'Sapphirefox','G746160409',1260267,1689471,'CARBONITE',2,1242,60,274);
INSERT INTO player VALUES(90,2,278342864,'DarkHope17','G746160409',1575118,2137854,'CHROMIUM',4,9357,2,189);
INSERT INTO player VALUES(91,2,233737879,'undead','G746160409',1297270,2053129,'CARBONITE',3,17183,84,802);
INSERT INTO player VALUES(92,2,225419915,'DarthVikingz','G746160409',1525215,2285418,'CHROMIUM',3,17118,70,191);
INSERT INTO player VALUES(93,2,219952729,'Dan Djarin','G746160409',1698186,2021484,'CHROMIUM',3,16132,4,285);
INSERT INTO player VALUES(94,2,173319854,'Lycanthia','G746160409',757014,1317850,'CARBONITE',3,750,128,219);
INSERT INTO player VALUES(95,2,168688624,'Clerical Farm2','G746160409',2820598,3756406,'AURODIUM',2,6090,41,226);
INSERT INTO player VALUES(96,2,168232195,'ApexJoker','G746160409',1060197,1125157,'BRONZIUM',3,4713,27,94);
INSERT INTO player VALUES(97,2,136351821,'Lezene Icewalker','G746160409',1860314,2985406,'CHROMIUM',4,11365,74,676);
INSERT INTO player VALUES(98,2,126483852,'CurlyMech','G746160409',1341714,1753562,'CARBONITE',2,20390,23,217);
INSERT INTO player VALUES(99,3,992228328,'The Dandalorian','G746160409',1411836,2132350,'CHROMIUM',4,1554,31,173);
INSERT INTO player VALUES(100,3,957634294,'Merovecht','G746160409',1364836,1929417,'CARBONITE',1,1003,9,46);
INSERT INTO player VALUES(101,3,938893196,'Khalifa','G746160409',1549614,2277318,'CHROMIUM',3,6111,19,125);
INSERT INTO player VALUES(102,3,924957122,'Mol Kibar','G746160409',1507165,2130245,'BRONZIUM',4,6790,43,5);
INSERT INTO player VALUES(103,3,921278768,'Rogue66697','G746160409',1808649,2609244,'CARBONITE',2,6536,54,808);
INSERT INTO player VALUES(104,3,917787877,'RedFox','G746160409',2266140,3060894,'AURODIUM',5,3326,8,290);
INSERT INTO player VALUES(105,3,916759261,'EnderDragon10505','G746160409',790083,1634746,'CARBONITE',3,12945,196,893);
INSERT INTO player VALUES(106,3,874296875,'shaneet977','G746160409',997981,1130309,'CARBONITE',2,8422,31,211);
INSERT INTO player VALUES(107,3,867329888,'Magier147','G746160409',640316,760050,'CARBONITE',2,506,79,336);
INSERT INTO player VALUES(108,3,849672945,'Unicorncakes','G746160409',1072994,1815646,'BRONZIUM',4,5768,127,758);
INSERT INTO player VALUES(109,3,818653183,'AiHex','G746160409',1178200,1569165,'BRONZIUM',3,623,17,98);
INSERT INTO player VALUES(110,3,812814131,'Titan115','G746160409',670505,1243592,'CARBONITE',2,2919,157,608);
INSERT INTO player VALUES(111,3,811732959,'The Massalorian','G746160409',1072335,1460730,'CARBONITE',5,17125,60,615);
INSERT INTO player VALUES(112,3,778736578,'The Time Ninja','G746160409',1604528,2330885,'BRONZIUM',3,10271,87,293);
INSERT INTO player VALUES(113,3,776118518,'Pucker','G746160409',1137899,2005557,'CARBONITE',2,12952,612,1094);
INSERT INTO player VALUES(114,3,772127472,'Merth','G746160409',1138747,1636623,'CARBONITE',3,6474,95,880);
INSERT INTO player VALUES(115,3,769144997,'stryderjzw','G746160409',1454407,1785571,'BRONZIUM',2,13524,6,252);
INSERT INTO player VALUES(116,3,759267683,'Whitefox','G746160409',1798780,2192609,'BRONZIUM',1,270,11,129);
INSERT INTO player VALUES(117,3,751896676,'Bustaz','G746160409',1030706,1549379,'CARBONITE',2,946,142,901);
INSERT INTO player VALUES(118,3,738679812,'Hank','G746160409',1389308,2109232,'CARBONITE',2,8695,322,285);
INSERT INTO player VALUES(119,3,716896212,'NOlen','G746160409',3129890,4440545,'KYBER',2,9390,11,93);
INSERT INTO player VALUES(120,3,671576416,'MINI Jeepers4489','G746160409',813000,1544610,'BRONZIUM',4,2692,41,829);
INSERT INTO player VALUES(121,3,667937846,'ddtorch','G746160409',1661135,1900040,'BRONZIUM',2,7351,115,271);
INSERT INTO player VALUES(122,3,667317656,'Ct5555','G746160409',1175667,1676023,'CARBONITE',2,20077,104,659);
INSERT INTO player VALUES(123,3,662511953,'Fnodo','G746160409',903451,1364808,'CARBONITE',2,2911,32,447);
INSERT INTO player VALUES(124,3,629268449,'Francescoo7','G746160409',1224672,1684829,'BRONZIUM',3,15367,154,302);
INSERT INTO player VALUES(125,3,623398639,'CanadianFlash','G746160409',900921,1799922,'BRONZIUM',4,10763,485,287);
INSERT INTO player VALUES(126,3,622648375,'Zaknafien','G746160409',1156080,1839609,'CARBONITE',2,14666,76,269);
INSERT INTO player VALUES(127,3,586886293,'Invictus Ronin','G746160409',1199058,1503428,'BRONZIUM',4,16013,41,767);
INSERT INTO player VALUES(128,3,538994795,'OrangeFox','G746160409',1224988,1764740,'CARBONITE',2,4941,52,252);
INSERT INTO player VALUES(129,3,512317447,'Tyan Serg','G746160409',1641139,2343099,'BRONZIUM',1,3834,12,284);
INSERT INTO player VALUES(130,3,484293664,'Paleguy','G746160409',1524837,2257247,'BRONZIUM',2,7964,96,271);
INSERT INTO player VALUES(131,3,461312493,'KyloRenJedi','G746160409',1977104,3179951,'BRONZIUM',4,13233,111,625);
INSERT INTO player VALUES(132,3,413742635,'Stormcrow','G746160409',1365907,2022846,'CARBONITE',1,4152,27,263);
INSERT INTO player VALUES(133,3,389732376,'DarthDailo','G746160409',1223604,1402223,'BRONZIUM',3,18042,62,102);
INSERT INTO player VALUES(134,3,369472317,'Explxsive','G746160409',1131054,2106746,'BRONZIUM',3,12141,273,121);
INSERT INTO player VALUES(135,3,367251355,'SgtPickle','G746160409',1319627,1871102,'BRONZIUM',4,5917,154,914);
INSERT INTO player VALUES(136,3,351352931,'brothers of arms and unknown','G746160409',1277300,1624760,'CARBONITE',2,5212,214,251);
INSERT INTO player VALUES(137,3,326458668,'Sapphirefox','G746160409',1303959,1750420,'CARBONITE',2,5437,63,196);
INSERT INTO player VALUES(138,3,278342864,'DarkHope17','G746160409',1652524,2159005,'CHROMIUM',4,8019,3,179);
INSERT INTO player VALUES(139,3,233737879,'undead','G746160409',1332834,2086774,'CARBONITE',2,16583,87,780);
INSERT INTO player VALUES(140,3,225419915,'DarthVikingz','G746160409',1638499,2368322,'CHROMIUM',4,2430,63,185);
INSERT INTO player VALUES(141,3,219952729,'Dan Djarin','G746160409',1748252,2072144,'CHROMIUM',2,2841,3,243);
INSERT INTO player VALUES(142,3,173319854,'Lycanthia','G746160409',766034,1328348,'CARBONITE',2,8936,128,287);
INSERT INTO player VALUES(143,3,168688624,'Clerical Farm2','G746160409',2894801,3780970,'AURODIUM',2,2050,41,262);
INSERT INTO player VALUES(144,3,168232195,'ApexJoker','G746160409',1145620,1262185,'BRONZIUM',4,10989,22,80);
INSERT INTO player VALUES(145,3,136351821,'Lezene Icewalker','G746160409',1860787,2986518,'CHROMIUM',4,9947,74,695);
INSERT INTO player VALUES(146,3,126483852,'CurlyMech','G746160409',1426381,1783121,'CARBONITE',2,4512,32,267);
INSERT INTO player VALUES(147,4,716896212,'NOlen','G746160409',3136148,4449424,'Kyber',2,3326,11,93);
INSERT INTO player VALUES(148,4,168688624,'Clerical Farm2','G746160409',2900258,3788097,'Kyber',3,3179,71,393);
INSERT INTO player VALUES(149,4,917787877,'RedFox','G746160409',2288960,3091718,'Aurodium',5,2522,8,369);
INSERT INTO player VALUES(150,4,461312493,'KyloRenJedi','G746160409',1977883,3181203,'Bronzium',5,2031,111,615);
INSERT INTO player VALUES(151,4,136351821,'Lezene Icewalker','G746160409',1862533,2989320,'Chromium',4,2434,74,713);
INSERT INTO player VALUES(152,4,921278768,'Rogue66697','G746160409',1811106,2612790,'Carbonite',2,2053,58,724);
INSERT INTO player VALUES(153,4,225419915,'DarthVikingz','G746160409',1647500,2381333,'Chromium',5,2288,59,172);
INSERT INTO player VALUES(154,4,512317447,'Tyan Serg','G746160409',1648703,2353898,'Bronzium',1,2421,10,254);
INSERT INTO player VALUES(155,4,778736578,'The Time Ninja','G746160409',1630359,2368410,'Bronzium',3,2198,61,257);
INSERT INTO player VALUES(156,4,759267683,'Whitefox','G746160409',1799589,2193595,'Bronzium',1,2615,11,129);
INSERT INTO player VALUES(157,4,219952729,'Dan Djarin','G746160409',1770308,2098287,'Chromium',1,2681,8,139);
INSERT INTO player VALUES(158,4,278342864,'DarkHope17','G746160409',1668038,2179273,'Chromium',4,2376,1,168);
INSERT INTO player VALUES(159,4,938893196,'Khalifa','G746160409',1556289,2287129,'Chromium',3,2487,18,92);
INSERT INTO player VALUES(160,4,484293664,'Paleguy','G746160409',1528970,2263365,'Bronzium',2,2376,93,386);
INSERT INTO player VALUES(161,4,924957122,'Mol Kibar','G746160409',1516333,2143204,'Bronzium',4,2188,33,9);
INSERT INTO player VALUES(162,4,667937846,'ddtorch','G746160409',1668020,1907916,'Bronzium',2,2374,115,271);
INSERT INTO player VALUES(163,4,992228328,'The Dandalorian','G746160409',1414520,2136404,'Chromium',5,2298,51,173);
INSERT INTO player VALUES(164,4,738679812,'Hank','G746160409',1390787,2111478,'Carbonite',2,1971,322,268);
INSERT INTO player VALUES(165,4,233737879,'undead','G746160409',1338981,2096398,'Carbonite',2,1997,87,800);
INSERT INTO player VALUES(166,4,413742635,'Stormcrow','G746160409',1366608,2023885,'Carbonite',2,2004,27,223);
INSERT INTO player VALUES(167,4,957634294,'Merovecht','G746160409',1375132,1943973,'Carbonite',1,2235,11,70);
INSERT INTO player VALUES(168,4,769144997,'stryderjzw','G746160409',1482884,1820533,'Bronzium',2,2343,12,230);
INSERT INTO player VALUES(169,4,369472317,'Explxsive','G746160409',1140618,2124562,'Bronzium',3,2277,273,82);
INSERT INTO player VALUES(170,4,126483852,'CurlyMech','G746160409',1432206,1790404,'Carbonite',2,2079,31,234);
INSERT INTO player VALUES(171,4,367251355,'SgtPickle','G746160409',1319627,1871102,'Bronzium',5,1998,154,914);
INSERT INTO player VALUES(172,4,776118518,'Pucker','G746160409',1143897,2016130,'Carbonite',2,1944,518,928);
INSERT INTO player VALUES(173,4,326458668,'Sapphirefox','G746160409',1308730,1756824,'Carbonite',1,2139,63,165);
INSERT INTO player VALUES(174,4,538994795,'OrangeFox','G746160409',1230798,1773111,'Carbonite',2,2073,31,253);
INSERT INTO player VALUES(175,4,622648375,'Zaknafien','G746160409',1156080,1839609,'Carbonite',2,1933,76,269);
INSERT INTO player VALUES(176,4,112498879,'CaptainJin','G746160409',1181906,1772859,'Bronzium',5,2058,118,527);
INSERT INTO player VALUES(177,4,849672945,'Unicorncakes','G746160409',1090028,1844469,'Bronzium',4,2120,127,726);
INSERT INTO player VALUES(178,4,629268449,'Francescoo7','G746160409',1233150,1696493,'Bronzium',2,2331,154,300);
INSERT INTO player VALUES(179,4,351352931,'brothers of arms and unknown','G746160409',1281340,1629899,'Carbonite',3,1921,214,251);
INSERT INTO player VALUES(180,4,667317656,'Ct5555','G746160409',1175939,1676411,'Carbonite',3,1904,104,659);
INSERT INTO player VALUES(181,4,772127472,'Merth14','G746160409',1143271,1643126,'Carbonite',3,1857,122,880);
INSERT INTO player VALUES(182,4,818653183,'AiHex','G746160409',1182388,1574742,'Bronzium',4,2150,7,70);
INSERT INTO player VALUES(183,4,586886293,'Invictus Ronin','G746160409',1210257,1517471,'Bronzium',5,2051,36,714);
INSERT INTO player VALUES(184,4,623398639,'CanadianFlash','G746160409',902551,1803178,'Carbonite',1,2126,485,384);
INSERT INTO player VALUES(185,4,389732376,'DarthDailo','G746160409',1223604,1402223,'Bronzium',4,2158,52,119);
INSERT INTO player VALUES(186,4,751896676,'Bustaz','G746160409',1035791,1557024,'Carbonite',2,2033,142,954);
INSERT INTO player VALUES(187,4,811732959,'The Massalorian','G746160409',1083704,1476217,'Carbonite',5,1213,81,479);
INSERT INTO player VALUES(188,4,168232195,'ApexJoker','G746160409',1162422,1280697,'Bronzium',4,2165,28,94);
INSERT INTO player VALUES(189,4,916759261,'EnderDragon10505','G746160409',790082,1634746,'Carbonite',3,1859,196,893);
INSERT INTO player VALUES(190,4,671576416,'MINI Jeepers4489','G746160409',813000,1544610,'Bronzium',4,2135,41,829);
INSERT INTO player VALUES(191,4,662511953,'Fnodo','G746160409',906686,1369695,'Carbonite',1,2087,37,447);
INSERT INTO player VALUES(192,4,874296875,'shaneet977','G746160409',1007831,1141466,'Carbonite',2,2046,30,210);
INSERT INTO player VALUES(193,4,173319854,'Lycanthia','G746160409',768344,1332354,'Carbonite',2,1970,128,286);
INSERT INTO player VALUES(194,4,812814131,'Titan115','G746160409',674546,1251086,'Carbonite',2,2051,157,608);
INSERT INTO player VALUES(195,4,867329888,'Magier147','G746160409',641856,761877,'Carbonite',2,2038,79,444);
INSERT INTO player VALUES(196,5,992228328,'The Dandalorian','G746160409',1460895,2158981,'CHROMIUM',5,9805,31,160);
INSERT INTO player VALUES(197,5,957634294,'Merovecht','G746160409',1388586,1981385,'CARBONITE',1,220,13,60);
INSERT INTO player VALUES(198,5,938893196,'Khalifa','G746160409',1598862,2323113,'CHROMIUM',4,11877,29,129);
INSERT INTO player VALUES(199,5,924957122,'Mol Kibar','G746160409',1558855,2195321,'BRONZIUM',4,125,31,4);
INSERT INTO player VALUES(200,5,921278768,'Rogue66697','G746160409',1908683,2719420,'CARBONITE',2,2514,31,771);
INSERT INTO player VALUES(201,5,917787877,'RedFox','G746160409',2336068,3127666,'AURODIUM',5,5997,1,385);
INSERT INTO player VALUES(202,5,874296875,'shaneet977','G746160409',1012966,1161510,'CARBONITE',2,12166,39,513);
INSERT INTO player VALUES(203,5,869469465,'Roklar','G746160409',1548174,1663468,'CARBONITE',1,1018,4,3);
INSERT INTO player VALUES(204,5,867329888,'Magier147','G746160409',654139,799252,'CARBONITE',2,5500,75,402);
INSERT INTO player VALUES(205,5,849672945,'Unicorncakes','G746160409',1119963,1851665,'BRONZIUM',4,11478,141,765);
INSERT INTO player VALUES(206,5,842925842,'Camman113','G746160409',1543731,2216523,'BRONZIUM',3,3861,31,214);
INSERT INTO player VALUES(207,5,818653183,'AiHex','G746160409',1191065,1628289,'BRONZIUM',4,6465,14,109);
INSERT INTO player VALUES(208,5,812814131,'Titan115','G746160409',679454,1252799,'CARBONITE',1,2607,157,608);
INSERT INTO player VALUES(209,5,811732959,'The Massalorian','G746160409',1100667,1485197,'CARBONITE',5,19185,50,417);
INSERT INTO player VALUES(210,5,778736578,'The Time Ninja','G746160409',1677141,2359445,'BRONZIUM',3,15272,73,409);
INSERT INTO player VALUES(211,5,776118518,'Pucker','G746160409',1156956,2039216,'CARBONITE',3,9377,518,821);
INSERT INTO player VALUES(212,5,772127472,'Merth14','G746160409',1169815,1669813,'CARBONITE',3,12052,144,880);
INSERT INTO player VALUES(213,5,769144997,'stryderjzw','G746160409',1531971,1835137,'BRONZIUM',2,6660,13,238);
INSERT INTO player VALUES(214,5,759267683,'Whitefox','G746160409',1794575,2212724,'BRONZIUM',1,273,7,132);
INSERT INTO player VALUES(215,5,751896676,'Bustaz','G746160409',1074806,1592258,'CARBONITE',2,4659,142,1009);
INSERT INTO player VALUES(216,5,738679812,'Hank','G746160409',1395829,2144454,'CARBONITE',2,12693,322,268);
INSERT INTO player VALUES(217,5,716896212,'NOlen','G746160409',3134579,4473683,'KYBER',3,11833,27,55);
INSERT INTO player VALUES(218,5,671576416,'MINI Jeepers4489','G746160409',810041,1537711,'BRONZIUM',4,7879,44,898);
INSERT INTO player VALUES(219,5,667937846,'ddtorch','G746160409',1756321,2014058,'BRONZIUM',2,12069,115,271);
INSERT INTO player VALUES(220,5,662511953,'Fnodo','G746160409',925886,1415496,'CARBONITE',1,7178,52,383);
INSERT INTO player VALUES(221,5,629268449,'Francescoo7','G746160409',1260908,1731280,'BRONZIUM',2,8306,154,340);
INSERT INTO player VALUES(222,5,623398639,'CanadianFlash','G746160409',906799,1812695,'BRONZIUM',4,15281,485,287);
INSERT INTO player VALUES(223,5,622648375,'Zaknafien','G746160409',1165736,1852048,'CARBONITE',2,18337,76,293);
INSERT INTO player VALUES(224,5,586886293,'Invictus Ronin','G746160409',1246268,1551653,'BRONZIUM',5,2228,40,907);
INSERT INTO player VALUES(225,5,538994795,'OrangeFox','G746160409',1243419,1791841,'CARBONITE',1,773,29,276);
INSERT INTO player VALUES(226,5,512317447,'Tyan Serg','G746160409',1650031,2361358,'BRONZIUM',1,7277,13,284);
INSERT INTO player VALUES(227,5,484293664,'Paleguy','G746160409',1531052,2297052,'BRONZIUM',1,5402,87,126);
INSERT INTO player VALUES(228,5,461312493,'KyloRenJedi','G746160409',1989314,3208073,'BRONZIUM',5,4202,111,810);
INSERT INTO player VALUES(229,5,413742635,'Stormcrow','G746160409',1367466,2073173,'CARBONITE',1,360,20,137);
INSERT INTO player VALUES(230,5,389732376,'DarthDailo','G746160409',1223604,1412945,'BRONZIUM',4,15884,52,141);
INSERT INTO player VALUES(231,5,375467641,'Smurphy','G746160409',1202679,1544598,'BRONZIUM',4,13917,26,269);
INSERT INTO player VALUES(232,5,369472317,'Explxsive','G746160409',1154234,2166376,'BRONZIUM',3,2225,273,123);
INSERT INTO player VALUES(233,5,367251355,'SgtPickle','G746160409',1320652,1881936,'BRONZIUM',4,11118,129,809);
INSERT INTO player VALUES(234,5,351352931,'brothers of arms and unknown','G746160409',1294011,1658848,'CARBONITE',2,1364,214,251);
INSERT INTO player VALUES(235,5,326458668,'Sapphirefox','G746160409',1339109,1790405,'CARBONITE',1,1369,63,157);
INSERT INTO player VALUES(236,5,278342864,'DarkHope17','G746160409',1671676,2185855,'CHROMIUM',5,12554,4,182);
INSERT INTO player VALUES(237,5,233737879,'undead','G746160409',1340418,2102720,'CARBONITE',2,8969,111,782);
INSERT INTO player VALUES(238,5,225419915,'DarthVikingz','G746160409',1649103,2393984,'CHROMIUM',4,14678,52,137);
INSERT INTO player VALUES(239,5,219952729,'Dan Djarin','G746160409',1773996,2120614,'CHROMIUM',2,6300,5,141);
INSERT INTO player VALUES(240,5,173319854,'Lycanthia','G746160409',768339,1333043,'CARBONITE',2,12945,120,239);
INSERT INTO player VALUES(241,5,168688624,'Clerical Farm2','G746160409',2906114,3800692,'AURODIUM',2,4999,41,262);
INSERT INTO player VALUES(242,5,168232195,'ApexJoker','G746160409',1169573,1306852,'BRONZIUM',3,4064,30,98);
INSERT INTO player VALUES(243,5,136351821,'Lezene Icewalker','G746160409',1867185,3048145,'CHROMIUM',4,14219,74,652);
INSERT INTO player VALUES(244,5,126483852,'CurlyMech','G746160409',1453359,1816300,'CARBONITE',1,3372,22,271);
INSERT INTO player VALUES(245,5,112498879,'CaptainJin','G746160409',1063204,1920244,'BRONZIUM',4,9638,88,539);
INSERT INTO player VALUES(246,6,992228328,'The Dandalorian','G746160409',1460304,2159146,'CHROMIUM',5,9805,39,183);
INSERT INTO player VALUES(247,6,957634294,'Merovecht','G746160409',1388586,1981385,'CARBONITE',1,220,8,62);
INSERT INTO player VALUES(248,6,938893196,'Khalifa','G746160409',1600928,2327318,'CHROMIUM',4,11877,22,134);
INSERT INTO player VALUES(249,6,924957122,'Mol Kibar','G746160409',1558855,2198654,'BRONZIUM',4,125,41,4);
INSERT INTO player VALUES(250,6,921278768,'Rogue66697','G746160409',1910431,2722919,'CARBONITE',2,2514,60,828);
INSERT INTO player VALUES(251,6,917787877,'RedFox','G746160409',2336887,3129767,'AURODIUM',5,5997,10,333);
INSERT INTO player VALUES(252,6,874296875,'shaneet977','G746160409',1012966,1162626,'CARBONITE',2,12166,42,646);
INSERT INTO player VALUES(253,6,869469465,'Roklar','G746160409',1594383,1688473,'CARBONITE',1,1018,1,3);
INSERT INTO player VALUES(254,6,867329888,'Magier147','G746160409',654139,799252,'CARBONITE',2,5500,75,475);
INSERT INTO player VALUES(255,6,849672945,'Unicorncakes','G746160409',1124445,1857423,'BRONZIUM',4,11478,144,689);
INSERT INTO player VALUES(256,6,842925842,'Camman113','G746160409',1544269,2217900,'BRONZIUM',3,3861,40,220);
INSERT INTO player VALUES(257,6,818653183,'AiHex','G746160409',1191065,1637901,'BRONZIUM',4,6465,15,50);
INSERT INTO player VALUES(258,6,812814131,'Titan115','G746160409',680191,1253511,'CARBONITE',1,2605,157,608);
INSERT INTO player VALUES(259,6,811732959,'The Massalorian','G746160409',1100667,1485197,'CARBONITE',5,19185,51,490);
INSERT INTO player VALUES(260,6,778736578,'The Time Ninja','G746160409',1677351,2359952,'BRONZIUM',3,15272,61,409);
INSERT INTO player VALUES(261,6,776118518,'Pucker','G746160409',1166136,2043954,'CARBONITE',3,9377,518,821);
INSERT INTO player VALUES(262,6,772127472,'Merth14','G746160409',1169927,1676907,'CARBONITE',3,12052,144,880);
INSERT INTO player VALUES(263,6,769144997,'stryderjzw','G746160409',1533721,1836479,'BRONZIUM',2,6660,10,238);
INSERT INTO player VALUES(264,6,759267683,'Whitefox','G746160409',1794575,2216038,'BRONZIUM',1,273,9,94);
INSERT INTO player VALUES(265,6,751896676,'Bustaz','G746160409',1074806,1595930,'CARBONITE',2,4659,132,860);
INSERT INTO player VALUES(266,6,738679812,'Hank','G746160409',1399417,2145888,'CARBONITE',2,12693,322,268);
INSERT INTO player VALUES(267,6,716896212,'NOlen','G746160409',3135361,4478733,'KYBER',3,11833,10,45);
INSERT INTO player VALUES(268,6,667937846,'ddtorch','G746160409',1758005,2025166,'BRONZIUM',2,12069,115,307);
INSERT INTO player VALUES(269,6,662511953,'Fnodo','G746160409',959189,1427437,'CARBONITE',1,7178,31,433);
INSERT INTO player VALUES(270,6,629268449,'Francescoo7','G746160409',1268772,1747591,'BRONZIUM',2,8306,154,320);
INSERT INTO player VALUES(271,6,623398639,'CanadianFlash','G746160409',906799,1814690,'BRONZIUM',4,15281,485,279);
INSERT INTO player VALUES(272,6,622648375,'Zaknafien','G746160409',1165736,1852048,'CARBONITE',2,18337,76,299);
INSERT INTO player VALUES(273,6,586886293,'Invictus Ronin','G746160409',1246268,1553427,'BRONZIUM',5,2228,43,784);
INSERT INTO player VALUES(274,6,538994795,'OrangeFox','G746160409',1243419,1791841,'CARBONITE',1,773,29,269);
INSERT INTO player VALUES(275,6,512317447,'Tyan Serg','G746160409',1675821,2366645,'BRONZIUM',1,7277,17,284);
INSERT INTO player VALUES(276,6,484293664,'Paleguy','G746160409',1545847,2303145,'BRONZIUM',1,5402,75,124);
INSERT INTO player VALUES(277,6,461312493,'KyloRenJedi','G746160409',1989314,3209309,'BRONZIUM',5,4202,101,725);
INSERT INTO player VALUES(278,6,413742635,'Stormcrow','G746160409',1379734,2115104,'CARBONITE',1,360,22,137);
INSERT INTO player VALUES(279,6,389732376,'DarthDailo','G746160409',1253832,1459254,'BRONZIUM',4,15884,42,141);
INSERT INTO player VALUES(280,6,375467641,'Smurphy','G746160409',1203132,1548429,'BRONZIUM',4,13917,24,284);
INSERT INTO player VALUES(281,6,369472317,'Explxsive','G746160409',1178982,2169946,'BRONZIUM',3,2225,293,96);
INSERT INTO player VALUES(282,6,351352931,'brothers of arms and unknown','G746160409',1303615,1667961,'CARBONITE',2,1364,214,251);
INSERT INTO player VALUES(283,6,326458668,'Sapphirefox','G746160409',1350349,1794513,'CARBONITE',1,1369,66,157);
INSERT INTO player VALUES(284,6,278342864,'DarkHope17','G746160409',1671676,2195804,'CHROMIUM',5,12554,3,224);
INSERT INTO player VALUES(285,6,233737879,'undead','G746160409',1340418,2102720,'CARBONITE',2,8969,111,921);
INSERT INTO player VALUES(286,6,225419915,'DarthVikingz','G746160409',1678098,2397495,'CHROMIUM',4,14678,62,136);
INSERT INTO player VALUES(287,6,219952729,'Dan Djarin','G746160409',1776597,2124602,'CHROMIUM',2,6300,5,141);
INSERT INTO player VALUES(288,6,173319854,'Lycanthia','G746160409',768339,1334183,'CARBONITE',2,12945,120,202);
INSERT INTO player VALUES(289,6,168688624,'Clerical Farm2','G746160409',2923581,3810371,'AURODIUM',2,4999,41,262);
INSERT INTO player VALUES(290,6,168232195,'ApexJoker','G746160409',1169573,1312936,'BRONZIUM',3,4064,19,83);
INSERT INTO player VALUES(291,6,136351821,'Lezene Icewalker','G746160409',1867185,3053684,'CHROMIUM',4,14219,61,598);
INSERT INTO player VALUES(292,6,126483852,'CurlyMech','G746160409',1453536,1817347,'CARBONITE',1,3372,22,327);
INSERT INTO player VALUES(293,6,112498879,'CaptainJin','G746160409',1067329,1924246,'BRONZIUM',4,9638,99,489);
INSERT INTO player VALUES(294,6,985512294,'Schnu','G4246563087',1149925,1833050,'BRONZIUM',4,6064,96,167);
INSERT INTO player VALUES(295,6,978847392,'Filth Pig','G4246563087',1964661,3064104,'CHROMIUM',3,3505,91,576);
INSERT INTO player VALUES(296,6,965453547,'ImpressivëMostImpressive','G4246563087',3661190,5228845,'KYBER',3,10798,27,19);
INSERT INTO player VALUES(297,6,943119645,'Obi','G4246563087',1924841,2757886,'CHROMIUM',4,4566,57,205);
INSERT INTO player VALUES(298,6,937853856,'Jazzzen','G4246563087',2638126,4082340,'CHROMIUM',2,9043,108,149);
INSERT INTO player VALUES(299,6,921876874,'EXALTED','G4246563087',1271339,2126610,'CARBONITE',5,51550,133,914);
INSERT INTO player VALUES(300,6,865343741,'DarthGouki','G4246563087',1451680,2064734,'BRONZIUM',4,9041,87,764);
INSERT INTO player VALUES(301,6,863677814,'Itza Trap','G4246563087',2264374,3606351,'CARBONITE',2,14710,81,360);
INSERT INTO player VALUES(302,6,855465196,'Strife7x','G4246563087',1295636,1527988,'CARBONITE',4,2278,40,763);
INSERT INTO player VALUES(303,6,845616519,'mrlazy','G4246563087',2029934,3065253,'BRONZIUM',1,2238,54,367);
INSERT INTO player VALUES(304,6,828537854,'Jonnyblade81','G4246563087',1457525,2564667,'CARBONITE',5,66637,225,1939);
INSERT INTO player VALUES(305,6,825183536,'Churro','G4246563087',3080384,4771433,'KYBER',2,7161,18,13);
INSERT INTO player VALUES(306,6,813559961,'deadpillysad','G4246563087',2577622,4014436,'BRONZIUM',2,2631,93,1234);
INSERT INTO player VALUES(307,6,768338781,'Unterseeboots','G4246563087',1743697,2530019,'CHROMIUM',4,15487,37,357);
INSERT INTO player VALUES(308,6,759235174,'LordBaine','G4246563087',1518432,2261309,'BRONZIUM',5,13019,136,823);
INSERT INTO player VALUES(309,6,756293538,'Sonofasith','G4246563087',1453302,2230845,'CHROMIUM',4,7604,43,317);
INSERT INTO player VALUES(310,6,741543487,'TurkNJD','G4246563087',1539324,2172115,'BRONZIUM',3,13494,47,157);
INSERT INTO player VALUES(311,6,712199224,'Declan Barr','G4246563087',1479386,2280471,'CARBONITE',1,6166,112,443);
INSERT INTO player VALUES(312,6,691563793,'l0lnuub','G4246563087',1674951,2531190,'CHROMIUM',4,131,130,110);
INSERT INTO player VALUES(313,6,672137126,'Pavman03','G4246563087',1438457,2086225,'CHROMIUM',5,15087,42,79);
INSERT INTO player VALUES(314,6,667317656,'Ct5555','G4246563087',1178055,1697854,'CARBONITE',2,16778,95,651);
INSERT INTO player VALUES(315,6,647536386,'Jilles','G4246563087',2075095,2743152,'CHROMIUM',3,3500,38,209);
INSERT INTO player VALUES(316,6,625175691,'JustNova','G4246563087',1244143,1928539,'BRONZIUM',4,3309,130,238);
INSERT INTO player VALUES(317,6,578468334,'Akneekan skywooker','G4246563087',1491604,1776418,'CARBONITE',2,4725,175,1295);
INSERT INTO player VALUES(318,6,571798673,'JonSnowAwakens','G4246563087',3513647,5134881,'KYBER',2,810,37,45);
INSERT INTO player VALUES(319,6,545171597,'MINI gaven','G4246563087',1311989,2138161,'CHROMIUM',5,11830,74,540);
INSERT INTO player VALUES(320,6,543422795,'Chewingbacca','G4246563087',2206367,2983350,'BRONZIUM',4,11603,135,411);
INSERT INTO player VALUES(321,6,536454289,'YavinToo','G4246563087',2084670,2961879,'CHROMIUM',1,573,33,343);
INSERT INTO player VALUES(322,6,493833675,'Cero Kurn','G4246563087',1599829,2931707,'BRONZIUM',2,5952,138,327);
INSERT INTO player VALUES(323,6,492326637,'jakkmon','G4246563087',1035640,1693672,'CARBONITE',1,6955,104,292);
INSERT INTO player VALUES(324,6,486844631,'Endor','G4246563087',1085405,1937083,'CARBONITE',2,11938,162,781);
INSERT INTO player VALUES(325,6,478561164,'Geonightman','G4246563087',1937899,2544635,'CARBONITE',1,1818,75,567);
INSERT INTO player VALUES(326,6,437397947,'Juules','G4246563087',1354124,2357925,'CHROMIUM',5,7182,259,313);
INSERT INTO player VALUES(327,6,436892714,'IndieAnna125','G4246563087',1265164,1838258,'BRONZIUM',2,6999,22,343);
INSERT INTO player VALUES(328,6,413863776,'Vaena','G4246563087',2437438,3900408,'AURODIUM',5,5959,58,555);
INSERT INTO player VALUES(329,6,345927444,'ChillZeR','G4246563087',589832,921997,'CARBONITE',3,5516,33,565);
INSERT INTO player VALUES(330,6,327378288,'Majorproblem','G4246563087',2282453,3594691,'CHROMIUM',5,224,48,589);
INSERT INTO player VALUES(331,6,326742656,'Vin Edge','G4246563087',2399503,3127595,'BRONZIUM',5,5487,25,262);
INSERT INTO player VALUES(332,6,318877865,'DBA1138','G4246563087',2216336,2850926,'BRONZIUM',1,635,42,443);
INSERT INTO player VALUES(333,6,312438286,'Sulimo','G4246563087',2437758,3859843,'CHROMIUM',3,1871,103,133);
INSERT INTO player VALUES(334,6,293234626,'Goblynn','G4246563087',1705124,2364965,'CARBONITE',5,73780,194,1829);
INSERT INTO player VALUES(335,6,269889381,'Mr Turkey Lurky','G4246563087',965723,1736420,'BRONZIUM',4,1416,279,1227);
INSERT INTO player VALUES(336,6,256847846,'Mitme Stada','G4246563087',1231605,2003034,'CARBONITE',5,30805,130,856);
INSERT INTO player VALUES(337,6,255278417,'Prash Sadaun','G4246563087',2093661,2991310,'BRONZIUM',4,11133,65,135);
INSERT INTO player VALUES(338,6,219864238,'Desaer','G4246563087',1597513,1963025,'CARBONITE',3,5679,306,311);
INSERT INTO player VALUES(339,6,219847223,'Jolcun Veranes','G4246563087',1304296,2096178,'CHROMIUM',4,14820,41,128);
INSERT INTO player VALUES(340,6,211465167,'Antonio','G4246563087',1065585,1315525,'CARBONITE',3,17335,52,931);
INSERT INTO player VALUES(341,6,176798558,'Poofy','G4246563087',1685462,2396041,'CHROMIUM',5,3701,58,86);
INSERT INTO player VALUES(342,6,149824892,'DeadshotC137','G4246563087',2047724,2948003,'CARBONITE',4,26264,72,741);
INSERT INTO player VALUES(343,6,138745349,'TheFalseRoman','G4246563087',1962112,3215089,'BRONZIUM',4,9785,47,203);
INSERT INTO player VALUES(344,6,923527349,'Trufra Cadav','G997172894',2920954,3554441,'BRONZIUM',3,5267,49,921);
INSERT INTO player VALUES(345,6,919691495,'Miamo','G997172894',915608,1365028,'CARBONITE',5,30129,182,1360);
INSERT INTO player VALUES(346,6,918346314,'Mungo1','G997172894',2058775,2485972,'CARBONITE',2,4913,130,1067);
INSERT INTO player VALUES(347,6,889968276,'AltDot','G997172894',2285378,2789747,'CARBONITE',4,31500,124,196);
INSERT INTO player VALUES(348,6,866387997,'N3VETZ','G997172894',33063,90924,'UNKNOWN',6,0,857,2603);
INSERT INTO player VALUES(349,6,861362288,'Batoo','G997172894',275186,526868,'CARBONITE',4,43928,637,4782);
INSERT INTO player VALUES(350,6,847298732,'savage','G997172894',174009,352602,'UNKNOWN',6,0,318,1802);
INSERT INTO player VALUES(351,6,836143183,'Jakuu Malocc','G997172894',1415416,2299621,'CARBONITE',5,76096,199,1859);
INSERT INTO player VALUES(352,6,831468886,'ArchMultani','G997172894',1692165,2391285,'CARBONITE',5,52804,121,407);
INSERT INTO player VALUES(353,6,784157969,'Jubejube98','G997172894',626009,1305455,'CARBONITE',4,31601,313,1362);
INSERT INTO player VALUES(354,6,783429841,'Darksuka','G997172894',114168,203840,'UNKNOWN',6,0,570,1157);
INSERT INTO player VALUES(355,6,776232571,'Mouthofbees 782','G997172894',616640,1016517,'CARBONITE',4,41174,183,1435);
INSERT INTO player VALUES(356,6,762766317,'Dave Rendar','G997172894',1435549,1661120,'CARBONITE',5,66215,186,1292);
INSERT INTO player VALUES(357,6,752244447,'LordJezza77','G997172894',961579,1679174,'CARBONITE',5,80099,105,449);
INSERT INTO player VALUES(358,6,693415512,'Kyla Windbourne','G997172894',499740,663185,'CARBONITE',5,60959,93,1424);
INSERT INTO player VALUES(359,6,641228528,'DRazor','G997172894',2130282,2974838,'BRONZIUM',3,6490,62,773);
INSERT INTO player VALUES(360,6,641128939,'Lon','G997172894',38563,201947,'UNKNOWN',6,0,837,2989);
INSERT INTO player VALUES(361,6,633291657,'Lorna Bai','G997172894',2892941,3861297,'BRONZIUM',1,602,109,254);
INSERT INTO player VALUES(362,6,626473281,'DC','G997172894',1943175,2907011,'CARBONITE',1,2136,72,418);
INSERT INTO player VALUES(363,6,615594218,'Ceth Senpai','G997172894',1253977,1777678,'CARBONITE',3,31121,71,883);
INSERT INTO player VALUES(364,6,593955719,'water green','G997172894',2827117,3941771,'BRONZIUM',2,6622,99,283);
INSERT INTO player VALUES(365,6,588496685,'Sarith LeKit','G997172894',555928,699091,'CARBONITE',5,53181,188,1424);
INSERT INTO player VALUES(366,6,587317358,'Jimmy DNG','G997172894',2989290,3917160,'BRONZIUM',5,16533,180,218);
INSERT INTO player VALUES(367,6,584669628,'Felixxx','G997172894',1070620,1599792,'BRONZIUM',3,2716,52,229);
INSERT INTO player VALUES(368,6,584532575,'oliambeamsaber','G997172894',1069898,1714128,'CARBONITE',3,15406,137,1229);
INSERT INTO player VALUES(369,6,578356376,'Shaker','G997172894',2189257,2436414,'BRONZIUM',4,289,59,557);
INSERT INTO player VALUES(370,6,569654484,'Jabweh','G997172894',1322152,2308760,'CHROMIUM',5,6435,103,175);
INSERT INTO player VALUES(371,6,558311437,'JHaus','G997172894',43413,91727,'UNKNOWN',6,0,882,5904);
INSERT INTO player VALUES(372,6,533444825,'Nema Ghyron','G997172894',2893826,3880052,'BRONZIUM',3,8047,85,243);
INSERT INTO player VALUES(373,6,522797955,'Mol Eliza','G997172894',2400470,3400720,'BRONZIUM',3,6995,51,244);
INSERT INTO player VALUES(374,6,511188838,'Plinker','G997172894',2125422,3132810,'AURODIUM',5,9412,206,316);
INSERT INTO player VALUES(375,6,488397628,'Sifbacca','G997172894',1504620,1944780,'BRONZIUM',2,5742,18,216);
INSERT INTO player VALUES(376,6,484797364,'Rampage','G997172894',1758831,2373552,'BRONZIUM',4,12111,120,1025);
INSERT INTO player VALUES(377,6,447317119,'Jaker408','G997172894',363038,675032,'CARBONITE',5,25986,475,677);
INSERT INTO player VALUES(378,6,378861885,'Jediroy','G997172894',269349,475758,'UNKNOWN',6,0,480,1458);
INSERT INTO player VALUES(379,6,375716325,'Jeeeddddiii','G997172894',1507227,2401776,'CARBONITE',5,55803,137,1293);
INSERT INTO player VALUES(380,6,363729314,'Spokles','G997172894',68239,238356,'UNKNOWN',6,0,926,3476);
INSERT INTO player VALUES(381,6,355574864,'Nayr Nosnah','G997172894',1542282,2715483,'CARBONITE',3,19380,234,282);
INSERT INTO player VALUES(382,6,349613735,'carlega','G997172894',1434413,1838620,'CARBONITE',2,21119,120,1686);
INSERT INTO player VALUES(383,6,343475718,'NomadicJewel552','G997172894',1432117,1963587,'CARBONITE',5,56920,125,1462);
INSERT INTO player VALUES(384,6,336686637,'Water','G997172894',109395,295813,'UNKNOWN',6,0,516,2471);
INSERT INTO player VALUES(385,6,331719839,'v0mit','G997172894',2202820,3658898,'CHROMIUM',4,1892,67,801);
INSERT INTO player VALUES(386,6,273581874,'IMPei','G997172894',2516379,3825653,'BRONZIUM',4,11546,187,291);
INSERT INTO player VALUES(387,6,246611267,'Rollmeonekenobi','G997172894',1689421,2309058,'CHROMIUM',3,7574,112,264);
INSERT INTO player VALUES(388,6,236836141,'SlyGuy','G997172894',1490518,2445498,'BRONZIUM',3,783,97,519);
INSERT INTO player VALUES(389,6,226479538,'Fatty Lumpkin','G997172894',967017,1532099,'CARBONITE',5,68201,204,559);
INSERT INTO player VALUES(390,6,223737711,'Teggrums','G997172894',2778050,4075026,'CARBONITE',5,56352,41,437);
INSERT INTO player VALUES(391,6,221472995,'Thorington','G997172894',1218627,1989495,'CARBONITE',3,22959,148,1010);
INSERT INTO player VALUES(392,6,198128283,'Xydero908','G997172894',140669,377294,'CARBONITE',5,34154,574,2252);
INSERT INTO player VALUES(393,6,142567662,'Reorxe','G997172894',438744,533829,'CARBONITE',3,31475,34,620);
INSERT INTO player VALUES(394,6,996824772,'ブラスト','G4127026233',1434239,1992209,'CARBONITE',3,1095,235,168);
INSERT INTO player VALUES(395,6,987778572,'Stabilo Cappi','G4127026233',1363920,1942913,'BRONZIUM',5,5566,71,499);
INSERT INTO player VALUES(396,6,969562745,'Ewoks collector','G4127026233',1453810,2139686,'CARBONITE',2,4977,111,718);
INSERT INTO player VALUES(397,6,957186352,'Browny Eyes','G4127026233',1177492,1913982,'CARBONITE',3,8618,232,314);
INSERT INTO player VALUES(398,6,935253319,'Ndarion Undil','G4127026233',1111421,1808094,'CARBONITE',2,7252,104,1577);
INSERT INTO player VALUES(399,6,935115886,'レックス','G4127026233',969068,1571978,'CARBONITE',5,15108,152,1350);
INSERT INTO player VALUES(400,6,921894449,'Spms7949','G4127026233',1133513,1539757,'CARBONITE',3,26666,116,1363);
INSERT INTO player VALUES(401,6,914242799,'milky','G4127026233',2458502,3598523,'BRONZIUM',4,6716,347,215);
INSERT INTO player VALUES(402,6,868966165,'Yummy Porgs','G4127026233',1629102,2477044,'CARBONITE',3,14832,126,809);
INSERT INTO player VALUES(403,6,868353899,'ゼロ','G4127026233',1026617,1424683,'CARBONITE',3,31574,1060,735);
INSERT INTO player VALUES(404,6,862822967,'座木','G4127026233',365927,559645,'CARBONITE',5,21693,647,470);
INSERT INTO player VALUES(405,6,838537522,'MIU205K','G4127026233',488632,814856,'CARBONITE',5,64770,94,1028);
INSERT INTO player VALUES(406,6,785857797,'金剛力','G4127026233',1996265,3126122,'CHROMIUM',4,1239,84,156);
INSERT INTO player VALUES(407,6,746539272,'ばりむ','G4127026233',313960,598105,'CARBONITE',5,44536,246,1828);
INSERT INTO player VALUES(408,6,741878993,'churashima','G4127026233',1284389,2381524,'CARBONITE',5,66648,76,231);
INSERT INTO player VALUES(409,6,727315347,'よっしー','G4127026233',999694,1504452,'CARBONITE',2,4068,72,187);
INSERT INTO player VALUES(410,6,714437488,'gangimari','G4127026233',415918,856782,'CARBONITE',4,7489,202,965);
INSERT INTO player VALUES(411,6,689627114,'Reirei','G4127026233',593816,1343268,'BRONZIUM',5,5343,208,694);
INSERT INTO player VALUES(412,6,689229448,'Mitsu','G4127026233',1780080,2421219,'CHROMIUM',4,16732,99,869);
INSERT INTO player VALUES(413,6,683117842,'ハイチオールC','G4127026233',187440,239035,'UNKNOWN',6,0,420,1284);
INSERT INTO player VALUES(414,6,594869399,'かつひと','G4127026233',2428904,3684129,'CARBONITE',5,35938,180,363);
INSERT INTO player VALUES(415,6,587827712,'ガキ男','G4127026233',117894,261573,'UNKNOWN',6,0,490,2994);
INSERT INTO player VALUES(416,6,542615623,'oliverclothesov','G4127026233',334456,619059,'CARBONITE',5,76113,356,732);
INSERT INTO player VALUES(417,6,518425441,'アソーカ タノ','G4127026233',831363,1434088,'BRONZIUM',3,8019,398,582);
INSERT INTO player VALUES(418,6,497598358,'R2 D2','G4127026233',759973,1288293,'BRONZIUM',5,13332,1094,446);
INSERT INTO player VALUES(419,6,474798659,'ジューク','G4127026233',44011,155726,'UNKNOWN',6,0,702,1780);
INSERT INTO player VALUES(420,6,447745699,'コスモファルコン','G4127026233',707313,996208,'CARBONITE',5,65252,135,2142);
INSERT INTO player VALUES(421,6,439763639,'Sckurrr','G4127026233',995597,1443224,'BRONZIUM',3,7235,16,77);
INSERT INTO player VALUES(422,6,417445724,'Lenders Quizan','G4127026233',99213,246271,'UNKNOWN',6,0,592,2221);
INSERT INTO player VALUES(423,6,396492931,'Norie Yuda','G4127026233',1505459,2318698,'BRONZIUM',3,29,107,515);
INSERT INTO player VALUES(424,6,365685652,'Luis Yavok','G4127026233',1307613,1556508,'CARBONITE',5,80717,199,1470);
INSERT INTO player VALUES(425,6,365616699,'siron','G4127026233',800419,1102014,'CARBONITE',4,22369,60,187);
INSERT INTO player VALUES(426,6,355585316,'Atsushi','G4127026233',1026698,1632376,'CARBONITE',5,14452,182,1422);
INSERT INTO player VALUES(427,6,329374975,'godaimer','G4127026233',1073514,1539195,'CARBONITE',4,13154,84,1006);
INSERT INTO player VALUES(428,6,314743271,'Ren Gundo','G4127026233',1009070,1381847,'CARBONITE',2,7870,117,1280);
INSERT INTO player VALUES(429,6,287146513,'Mikkun','G4127026233',1612085,2148843,'BRONZIUM',5,4148,79,532);
INSERT INTO player VALUES(430,6,286199857,'髑髏組 組長 肋骨折之介','G4127026233',1523162,2236327,'CARBONITE',3,8339,94,1509);
INSERT INTO player VALUES(431,6,284394391,'過ぎ去りし時を求めて','G4127026233',141881,401075,'UNKNOWN',6,0,501,2284);
INSERT INTO player VALUES(432,6,282695491,'Dice','G4127026233',1475919,2271684,'CARBONITE',3,12295,48,279);
INSERT INTO player VALUES(433,6,274472411,'Joshy','G4127026233',2040278,3417480,'BRONZIUM',2,6523,481,217);
INSERT INTO player VALUES(434,6,253721798,'Mol Eliza','G4127026233',571648,733486,'CARBONITE',5,29325,632,257);
INSERT INTO player VALUES(435,6,244663822,'HORI','G4127026233',821228,1138621,'CARBONITE',5,87964,148,1265);
INSERT INTO player VALUES(436,6,239563199,'Mol Eliza','G4127026233',315490,626888,'CARBONITE',5,33279,1928,987);
INSERT INTO player VALUES(437,6,193439444,'Kaytee Glopio','G4127026233',942069,1684759,'CARBONITE',5,54862,99,670);
INSERT INTO player VALUES(438,6,151992388,'Dayo Nedar','G4127026233',2319807,3508045,'BRONZIUM',3,10661,156,161);
INSERT INTO player VALUES(439,6,149264613,'T','G4127026233',1234247,2356716,'CARBONITE',3,10244,352,386);
INSERT INTO player VALUES(440,6,147268542,'bamekaa','G4127026233',1226865,2115791,'CARBONITE',5,35991,266,1181);
INSERT INTO player VALUES(441,6,143877522,'タチャンカ','G4127026233',416468,924097,'CARBONITE',5,64946,453,1882);
INSERT INTO player VALUES(442,6,136166694,'Alysha Doneeta','G4127026233',1170194,1702684,'CARBONITE',5,87363,157,1326);
INSERT INTO player VALUES(443,6,121485895,'morethan','G4127026233',507912,903589,'CARBONITE',5,80474,282,1664);
INSERT INTO player VALUES(444,6,916759261,'EnderDragon10505','',790083,1634746,'CARBONITE',3,11985,226,893);
INSERT INTO player VALUES(445,5,667317656,'Ct5555','G4246563087',1178055,1697854,'CARBONITE',2,16778,95,651);
INSERT INTO player VALUES(446,5,916759261,'EnderDragon10505','',790083,1634746,'CARBONITE',3,11985,226,893);
INSERT INTO player VALUES(447,5,439763639,'Sckurrr','G4127026233',995597,1443224,'BRONZIUM',3,7235,16,77);
INSERT INTO player VALUES(448,5,488397628,'Sifbacca','G997172894',1504620,1944780,'BRONZIUM',2,5742,18,216);
INSERT INTO player VALUES(449,4,439763639,'Sckurrr','G4127026233',995597,1443224,'BRONZIUM',3,7235,16,77);
INSERT INTO player VALUES(450,4,488397628,'Sifbacca','G997172894',1504620,1944780,'BRONZIUM',2,5742,18,216);
INSERT INTO player VALUES(451,3,439763639,'Sckurrr','G4127026233',995597,1443224,'BRONZIUM',3,7235,16,77);
INSERT INTO player VALUES(452,3,488397628,'Sifbacca','G997172894',1504620,1944780,'BRONZIUM',2,5742,18,216);
INSERT INTO player VALUES(453,2,439763639,'Sckurrr','G4127026233',995597,1443224,'BRONZIUM',3,7235,16,77);
INSERT INTO player VALUES(454,2,488397628,'Sifbacca','G997172894',1504620,1944780,'BRONZIUM',2,5742,18,216);
INSERT INTO player VALUES(455,7,992228328,'The Dandalorian','G746160409',1460304,2166744,'CHROMIUM',5,9805,42,164);
INSERT INTO player VALUES(456,7,957634294,'Merovecht','G746160409',1388690,1986369,'CARBONITE',1,220,11,55);
INSERT INTO player VALUES(457,7,938893196,'Khalifa','G746160409',1610407,2333257,'CHROMIUM',4,11877,19,119);
INSERT INTO player VALUES(458,7,924957122,'Mol Kibar','G746160409',1559476,2210573,'BRONZIUM',4,125,40,5);
INSERT INTO player VALUES(459,7,921278768,'Rogue66697','G746160409',1964647,2727781,'CARBONITE',2,2514,58,828);
INSERT INTO player VALUES(460,7,917787877,'RedFox','G746160409',2341147,3139247,'AURODIUM',5,5997,8,394);
INSERT INTO player VALUES(461,7,874296875,'shaneet977','G746160409',1013958,1164237,'CARBONITE',2,12166,43,765);
INSERT INTO player VALUES(462,7,869469465,'Roklar','G746160409',1604036,1698387,'CARBONITE',1,1018,3,3);
INSERT INTO player VALUES(463,7,867329888,'Magier147','G746160409',658410,805486,'CARBONITE',2,5500,88,434);
INSERT INTO player VALUES(464,7,849672945,'Unicorncakes','G746160409',1129104,1879006,'BRONZIUM',4,11478,144,721);
INSERT INTO player VALUES(465,7,842925842,'Camman113','G746160409',1546709,2224554,'BRONZIUM',3,3861,30,223);
INSERT INTO player VALUES(466,7,818653183,'AiHex','G746160409',1198588,1660335,'BRONZIUM',4,6465,7,10);
INSERT INTO player VALUES(467,7,812814131,'Titan115','G746160409',685698,1263771,'CARBONITE',1,2605,157,608);
INSERT INTO player VALUES(468,7,811732959,'The Massalorian','G746160409',1110508,1491988,'CARBONITE',5,19185,58,418);
INSERT INTO player VALUES(469,7,778736578,'The Time Ninja','G746160409',1682816,2364304,'BRONZIUM',3,15272,61,445);
INSERT INTO player VALUES(470,7,776118518,'Pucker','G746160409',1174978,2049882,'CARBONITE',3,9377,518,821);
INSERT INTO player VALUES(471,7,772127472,'Merth14','G746160409',1182609,1683489,'CARBONITE',3,12052,144,880);
INSERT INTO player VALUES(472,7,769144997,'stryderjzw','G746160409',1538535,1844583,'BRONZIUM',2,6660,6,224);
INSERT INTO player VALUES(473,7,759267683,'Whitefox','G746160409',1823782,2220820,'BRONZIUM',1,273,5,94);
INSERT INTO player VALUES(474,7,751896676,'Bustaz','G746160409',1078063,1607108,'CARBONITE',2,4659,132,917);
INSERT INTO player VALUES(475,7,738679812,'Hank','G746160409',1399417,2152461,'CARBONITE',2,12693,322,269);
INSERT INTO player VALUES(476,7,716896212,'NOlen','G746160409',3150896,4482906,'KYBER',3,11833,2,45);
INSERT INTO player VALUES(477,7,667937846,'ddtorch','G746160409',1759694,2037549,'BRONZIUM',2,12069,115,307);
INSERT INTO player VALUES(478,7,662511953,'Fnodo','G746160409',959189,1431073,'CARBONITE',1,7178,45,433);
INSERT INTO player VALUES(479,7,629268449,'Francescoo7','G746160409',1271334,1755799,'BRONZIUM',2,8306,154,325);
INSERT INTO player VALUES(480,7,623398639,'CanadianFlash','G746160409',906799,1825058,'BRONZIUM',4,15281,485,279);
INSERT INTO player VALUES(481,7,622648375,'Zaknafien','G746160409',1169465,1868474,'CARBONITE',2,18337,76,287);
INSERT INTO player VALUES(482,7,586886293,'Invictus Ronin','G746160409',1262347,1559891,'BRONZIUM',5,2228,31,685);
INSERT INTO player VALUES(483,7,538994795,'OrangeFox','G746160409',1312293,1799789,'CARBONITE',1,773,19,228);
INSERT INTO player VALUES(484,7,512317447,'Tyan Serg','G746160409',1678821,2366999,'BRONZIUM',1,7277,17,287);
INSERT INTO player VALUES(485,7,484293664,'Paleguy','G746160409',1552852,2323986,'BRONZIUM',1,5402,74,95);
INSERT INTO player VALUES(486,7,461312493,'KyloRenJedi','G746160409',2019682,3213148,'BRONZIUM',5,4202,101,725);
INSERT INTO player VALUES(487,7,413742635,'Stormcrow','G746160409',1379734,2131941,'CARBONITE',1,360,22,143);
INSERT INTO player VALUES(488,7,389732376,'DarthDailo','G746160409',1256141,1461540,'BRONZIUM',4,15884,42,119);
INSERT INTO player VALUES(489,7,375467641,'Smurphy','G746160409',1210438,1551260,'BRONZIUM',4,13917,27,364);
INSERT INTO player VALUES(490,7,369472317,'Explxsive','G746160409',1190098,2191510,'BRONZIUM',3,2225,293,91);
INSERT INTO player VALUES(491,7,367251355,'SgtPickle','G746160409',1336475,1889193,'BRONZIUM',4,11118,107,809);
INSERT INTO player VALUES(492,7,351352931,'brothers of arms and unknown','G746160409',1307178,1678920,'CARBONITE',2,1364,214,265);
INSERT INTO player VALUES(493,7,326458668,'Sapphirefox','G746160409',1359536,1803353,'CARBONITE',1,1369,66,157);
INSERT INTO player VALUES(494,7,278342864,'DarkHope17','G746160409',1673421,2200140,'CHROMIUM',5,12554,3,196);
INSERT INTO player VALUES(495,7,233737879,'undead','G746160409',1343540,2104975,'CARBONITE',2,8969,99,782);
INSERT INTO player VALUES(496,7,225419915,'DarthVikingz','G746160409',1678570,2401214,'CHROMIUM',4,14678,63,120);
INSERT INTO player VALUES(497,7,219952729,'Dan Djarin','G746160409',1808519,2166444,'CHROMIUM',2,6300,3,141);
INSERT INTO player VALUES(498,7,173319854,'Lycanthia','G746160409',768811,1334393,'CARBONITE',2,12945,120,186);
INSERT INTO player VALUES(499,7,168688624,'Clerical Farm2','G746160409',2929228,3824446,'AURODIUM',2,4999,41,311);
INSERT INTO player VALUES(500,7,168232195,'ApexJoker','G746160409',1170467,1315063,'BRONZIUM',3,4064,19,88);
INSERT INTO player VALUES(501,7,153822847,'Zyphon','G746160409',1280723,1546565,'CHROMIUM',2,5660,41,86);
INSERT INTO player VALUES(502,7,136351821,'Lezene Icewalker','G746160409',1867185,3064475,'CHROMIUM',4,14219,61,598);
INSERT INTO player VALUES(503,7,126483852,'CurlyMech','G746160409',1453552,1820380,'CARBONITE',1,3372,16,258);
INSERT INTO player VALUES(504,7,112498879,'CaptainJin','G746160409',1073587,1932925,'BRONZIUM',4,9638,99,495);
INSERT INTO player VALUES(505,7,985512294,'Schnu','G4246563087',1149925,1838019,'BRONZIUM',4,6064,93,196);
INSERT INTO player VALUES(506,7,978847392,'Filth Pig','G4246563087',1964661,3068165,'CHROMIUM',3,3505,82,660);
INSERT INTO player VALUES(507,7,965453547,'ImpressivëMostImpressive','G4246563087',3735194,5230054,'KYBER',3,10798,16,12);
INSERT INTO player VALUES(508,7,943119645,'Obi','G4246563087',1932312,2763999,'CHROMIUM',4,4566,63,181);
INSERT INTO player VALUES(509,7,937853856,'Jazzzen','G4246563087',2642741,4089625,'CHROMIUM',2,9043,108,126);
INSERT INTO player VALUES(510,7,921876874,'EXALTED','G4246563087',1283418,2128120,'CARBONITE',5,51550,133,914);
INSERT INTO player VALUES(511,7,865343741,'DarthGouki','G4246563087',1451680,2073646,'BRONZIUM',4,9041,77,587);
INSERT INTO player VALUES(512,7,863677814,'Itza Trap','G4246563087',2264619,3610302,'CARBONITE',2,14710,81,360);
INSERT INTO player VALUES(513,7,855465196,'Strife7x','G4246563087',1295636,1527988,'CARBONITE',4,2277,49,763);
INSERT INTO player VALUES(514,7,845616519,'mrlazy','G4246563087',2032222,3074988,'BRONZIUM',1,2238,64,471);
INSERT INTO player VALUES(515,7,828537854,'Jonnyblade81','G4246563087',1458470,2570775,'CARBONITE',5,66637,225,1939);
INSERT INTO player VALUES(516,7,825183536,'Churro','G4246563087',3080384,4772951,'KYBER',2,7161,2,15);
INSERT INTO player VALUES(517,7,813559961,'deadpillysad','G4246563087',2578991,4022445,'BRONZIUM',2,2631,110,1137);
INSERT INTO player VALUES(518,7,768338781,'Unterseeboots','G4246563087',1744264,2539715,'CHROMIUM',4,15487,32,320);
INSERT INTO player VALUES(519,7,759235174,'LordBaine','G4246563087',1524666,2275484,'BRONZIUM',5,13019,136,823);
INSERT INTO player VALUES(520,7,756293538,'Sonofasith','G4246563087',1452728,2270401,'CHROMIUM',4,7604,55,317);
INSERT INTO player VALUES(521,7,741543487,'TurkNJD','G4246563087',1539324,2176993,'BRONZIUM',3,13494,52,157);
INSERT INTO player VALUES(522,7,712199224,'Declan Barr','G4246563087',1479386,2286755,'CARBONITE',1,6166,112,443);
INSERT INTO player VALUES(523,7,691563793,'l0lnuub','G4246563087',1675424,2535078,'CHROMIUM',4,131,111,102);
INSERT INTO player VALUES(524,7,672137126,'Pavman03','G4246563087',1438457,2092399,'CHROMIUM',5,15087,56,90);
INSERT INTO player VALUES(525,7,667317656,'Ct5555','G4246563087',1178055,1699801,'CARBONITE',2,16778,105,674);
INSERT INTO player VALUES(526,7,647536386,'Jilles','G4246563087',2075095,2750481,'CHROMIUM',3,3500,38,209);
INSERT INTO player VALUES(527,7,625175691,'JustNova','G4246563087',1246850,1939127,'BRONZIUM',4,3309,118,238);
INSERT INTO player VALUES(528,7,578468334,'Akneekan skywooker','G4246563087',1491604,1776418,'CARBONITE',2,4725,175,1295);
INSERT INTO player VALUES(529,7,571798673,'JonSnowAwakens','G4246563087',3587218,5136523,'KYBER',2,810,29,45);
INSERT INTO player VALUES(530,7,545171597,'MINI gaven','G4246563087',1311989,2138161,'CHROMIUM',5,11830,91,540);
INSERT INTO player VALUES(531,7,543422795,'Chewingbacca','G4246563087',2210150,2993696,'BRONZIUM',4,11603,126,408);
INSERT INTO player VALUES(532,7,536454289,'YavinToo','G4246563087',2087068,2976273,'CHROMIUM',1,573,24,343);
INSERT INTO player VALUES(533,7,493833675,'Cero Kurn','G4246563087',1601074,2950475,'BRONZIUM',2,5952,138,327);
INSERT INTO player VALUES(534,7,492326637,'jakkmon','G4246563087',1035640,1693672,'CARBONITE',1,6955,104,292);
INSERT INTO player VALUES(535,7,486844631,'Endor','G4246563087',1095324,1942181,'CARBONITE',2,11938,149,804);
INSERT INTO player VALUES(536,7,478561164,'Geonightman','G4246563087',1939661,2547833,'CARBONITE',1,1818,75,642);
INSERT INTO player VALUES(537,7,437397947,'Juules','G4246563087',1354124,2357925,'CHROMIUM',5,7182,259,313);
INSERT INTO player VALUES(538,7,436892714,'IndieAnna125','G4246563087',1266945,1852779,'BRONZIUM',2,6999,20,260);
INSERT INTO player VALUES(539,7,413863776,'Vaena','G4246563087',2439930,3902157,'AURODIUM',5,5959,55,520);
INSERT INTO player VALUES(540,7,345927444,'ChillZeR','G4246563087',602925,935533,'CARBONITE',3,5516,45,598);
INSERT INTO player VALUES(541,7,327378288,'Majorproblem','G4246563087',2282926,3595538,'CHROMIUM',5,224,48,589);
INSERT INTO player VALUES(542,7,326742656,'Vin Edge','G4246563087',2399503,3129077,'BRONZIUM',5,5487,14,236);
INSERT INTO player VALUES(543,7,318877865,'DBA1138','G4246563087',2217603,2853592,'BRONZIUM',1,635,52,405);
INSERT INTO player VALUES(544,7,312438286,'Sulimo','G4246563087',2437758,3869591,'CHROMIUM',3,1871,100,95);
INSERT INTO player VALUES(545,7,293234626,'Goblynn','G4246563087',1708755,2375164,'CARBONITE',5,73780,194,1829);
INSERT INTO player VALUES(546,7,269889381,'Mr Turkey Lurky','G4246563087',965723,1739584,'BRONZIUM',4,1416,299,1043);
INSERT INTO player VALUES(547,7,256847846,'Mitme Stada','G4246563087',1231815,2003450,'CARBONITE',5,30805,130,856);
INSERT INTO player VALUES(548,7,255278417,'Prash Sadaun','G4246563087',2096753,3001595,'BRONZIUM',4,11133,59,139);
INSERT INTO player VALUES(549,7,219864238,'Desaer','G4246563087',1621702,2014927,'CARBONITE',3,5679,306,311);
INSERT INTO player VALUES(550,7,219847223,'Jolcun Veranes','G4246563087',1304296,2096178,'CHROMIUM',4,14820,34,139);
INSERT INTO player VALUES(551,7,211465167,'Antonio','G4246563087',1065585,1315525,'CARBONITE',3,17357,52,931);
INSERT INTO player VALUES(552,7,176798558,'Poofy','G4246563087',1685462,2398689,'CHROMIUM',5,3701,53,87);
INSERT INTO player VALUES(553,7,149824892,'DeadshotC137','G4246563087',2047724,2948003,'CARBONITE',4,26264,72,741);
INSERT INTO player VALUES(554,7,138745349,'TheFalseRoman','G4246563087',1962794,3223084,'BRONZIUM',4,9785,47,203);
INSERT INTO player VALUES(555,7,923527349,'Trufra Cadav','G997172894',2928671,3562625,'BRONZIUM',3,5267,51,921);
INSERT INTO player VALUES(556,7,919691495,'Miamo','G997172894',915608,1378305,'CARBONITE',5,30129,182,1360);
INSERT INTO player VALUES(557,7,918346314,'Mungo1','G997172894',2059388,2494331,'CARBONITE',2,4913,130,1007);
INSERT INTO player VALUES(558,7,889968276,'AltDot','G997172894',2285378,2789747,'CARBONITE',4,31699,124,196);
INSERT INTO player VALUES(559,7,866387997,'N3VETZ','G997172894',33063,90924,'UNKNOWN',6,0,857,2603);
INSERT INTO player VALUES(560,7,861362288,'Batoo','G997172894',275186,526868,'CARBONITE',4,44514,637,4782);
INSERT INTO player VALUES(561,7,847298732,'savage','G997172894',175752,361825,'UNKNOWN',6,0,325,1531);
INSERT INTO player VALUES(562,7,836143183,'Jakuu Malocc','G997172894',1440853,2299734,'CARBONITE',5,76096,199,1859);
INSERT INTO player VALUES(563,7,831468886,'ArchMultani','G997172894',1700989,2399385,'CARBONITE',5,52804,121,480);
INSERT INTO player VALUES(564,7,784157969,'Jubejube98','G997172894',626009,1305896,'CARBONITE',4,31601,313,1362);
INSERT INTO player VALUES(565,7,783429841,'Darksuka','G997172894',114168,203840,'UNKNOWN',6,0,570,1157);
INSERT INTO player VALUES(566,7,776232571,'Mouthofbees 782','G997172894',616640,1016517,'CARBONITE',4,41509,183,1435);
INSERT INTO player VALUES(567,7,762766317,'Dave Rendar','G997172894',1435549,1661120,'CARBONITE',5,66215,186,1292);
INSERT INTO player VALUES(568,7,752244447,'LordJezza77','G997172894',961579,1679174,'CARBONITE',5,80099,105,406);
INSERT INTO player VALUES(569,7,693415512,'Kyla Windbourne','G997172894',507527,674286,'CARBONITE',5,60959,93,1625);
INSERT INTO player VALUES(570,7,641228528,'DRazor','G997172894',2136034,2990931,'BRONZIUM',3,6490,67,796);
INSERT INTO player VALUES(571,7,641128939,'Lon','G997172894',38683,202808,'UNKNOWN',6,0,837,2989);
INSERT INTO player VALUES(572,7,633291657,'Lorna Bai','G997172894',2892941,3861507,'BRONZIUM',1,602,109,233);
INSERT INTO player VALUES(573,7,626473281,'DC','G997172894',1945397,2909471,'CARBONITE',1,2136,72,418);
INSERT INTO player VALUES(574,7,615594218,'Ceth Senpai','G997172894',1256978,1784930,'CARBONITE',3,31121,84,783);
INSERT INTO player VALUES(575,7,593955719,'water green','G997172894',2827589,3950318,'BRONZIUM',2,6622,99,283);
INSERT INTO player VALUES(576,7,588496685,'Sarith LeKit','G997172894',562958,711109,'CARBONITE',5,53181,166,1305);
INSERT INTO player VALUES(577,7,587317358,'Jimmy DNG','G997172894',2989290,3918701,'BRONZIUM',5,16533,180,218);
INSERT INTO player VALUES(578,7,584669628,'Felixxx','G997172894',1070620,1601567,'BRONZIUM',3,2716,54,195);
INSERT INTO player VALUES(579,7,584532575,'oliambeamsaber','G997172894',1079671,1723107,'CARBONITE',3,15406,125,1291);
INSERT INTO player VALUES(580,7,578356376,'Shaker','G997172894',2190132,2436921,'BRONZIUM',4,289,62,497);
INSERT INTO player VALUES(581,7,569654484,'Jabweh','G997172894',1322152,2308760,'CHROMIUM',5,6435,103,187);
INSERT INTO player VALUES(582,7,558311437,'JHaus','G997172894',43413,91727,'UNKNOWN',6,0,882,5904);
INSERT INTO player VALUES(583,7,533444825,'Nema Ghyron','G997172894',2893826,3880085,'BRONZIUM',3,8047,85,243);
INSERT INTO player VALUES(584,7,522797955,'Mol Eliza','G997172894',2405361,3405479,'BRONZIUM',3,6995,50,244);
INSERT INTO player VALUES(585,7,511188838,'Plinker','G997172894',2126359,3154837,'AURODIUM',5,9412,206,316);
INSERT INTO player VALUES(586,7,488397628,'Sifbacca','G997172894',1581371,2010361,'BRONZIUM',2,5742,21,221);
INSERT INTO player VALUES(587,7,484797364,'Rampage','G997172894',1766535,2379730,'BRONZIUM',4,12111,120,895);
INSERT INTO player VALUES(588,7,447317119,'Jaker408','G997172894',368042,684220,'CARBONITE',5,25986,475,594);
INSERT INTO player VALUES(589,7,378861885,'Jediroy','G997172894',269349,476096,'UNKNOWN',6,0,480,1458);
INSERT INTO player VALUES(590,7,375716325,'Jeeeddddiii','G997172894',1510047,2405730,'CARBONITE',5,55803,124,1293);
INSERT INTO player VALUES(591,7,363729314,'Spokles','G997172894',68239,240191,'UNKNOWN',6,0,926,3476);
INSERT INTO player VALUES(592,7,355574864,'Nayr Nosnah','G997172894',1542282,2717922,'CARBONITE',3,19380,234,295);
INSERT INTO player VALUES(593,7,349613735,'carlega','G997172894',1444798,1843738,'CARBONITE',2,21119,120,1622);
INSERT INTO player VALUES(594,7,343475718,'NomadicJewel552','G997172894',1432117,1963587,'CARBONITE',5,56920,125,1511);
INSERT INTO player VALUES(595,7,336686637,'Water','G997172894',116125,305437,'UNKNOWN',6,0,498,2241);
INSERT INTO player VALUES(596,7,331719839,'v0mit','G997172894',2203157,3691756,'CHROMIUM',4,1892,62,861);
INSERT INTO player VALUES(597,7,273581874,'IMPei','G997172894',2523876,3832417,'BRONZIUM',4,11546,175,281);
INSERT INTO player VALUES(598,7,246611267,'Rollmeonekenobi','G997172894',1689421,2316635,'CHROMIUM',3,7574,119,226);
INSERT INTO player VALUES(599,7,236836141,'SlyGuy','G997172894',1490518,2452574,'BRONZIUM',3,783,86,516);
INSERT INTO player VALUES(600,7,226479538,'Fatty Lumpkin','G997172894',971913,1536548,'CARBONITE',5,68201,204,559);
INSERT INTO player VALUES(601,7,223737711,'Teggrums','G997172894',2778264,4075121,'CARBONITE',5,56352,46,437);
INSERT INTO player VALUES(602,7,221472995,'Thorington','G997172894',1218627,1989495,'CARBONITE',3,23022,148,1010);
INSERT INTO player VALUES(603,7,198128283,'Xydero908','G997172894',140669,377294,'CARBONITE',5,34725,574,2252);
INSERT INTO player VALUES(604,7,142567662,'Reorxe','G997172894',442391,536952,'CARBONITE',3,31475,37,655);
INSERT INTO player VALUES(605,7,996824772,'ブラスト','G4127026233',1434239,1993908,'CARBONITE',3,1095,235,173);
INSERT INTO player VALUES(606,7,987778572,'Stabilo Cappi','G4127026233',1369114,1952480,'BRONZIUM',5,5566,58,563);
INSERT INTO player VALUES(607,7,969562745,'Ewoks collector','G4127026233',1453810,2139686,'CARBONITE',2,4977,111,726);
INSERT INTO player VALUES(608,7,957186352,'Browny Eyes','G4127026233',1189554,1950145,'CARBONITE',3,8618,232,332);
INSERT INTO player VALUES(609,7,935253319,'Ndarion Undil','G4127026233',1111599,1812790,'CARBONITE',2,7252,104,1577);
INSERT INTO player VALUES(610,7,935115886,'レックス','G4127026233',969068,1571978,'CARBONITE',5,15234,152,1422);
INSERT INTO player VALUES(611,7,921894449,'Spms7949','G4127026233',1142636,1552208,'CARBONITE',3,26666,108,1363);
INSERT INTO player VALUES(612,7,914242799,'milky','G4127026233',2462019,3602192,'BRONZIUM',4,6716,347,215);
INSERT INTO player VALUES(613,7,868966165,'Yummy Porgs','G4127026233',1629102,2477044,'CARBONITE',3,14832,140,846);
INSERT INTO player VALUES(614,7,868353899,'ゼロ','G4127026233',1027936,1431526,'CARBONITE',3,31574,1060,735);
INSERT INTO player VALUES(615,7,862822967,'座木','G4127026233',368599,569826,'CARBONITE',5,21693,612,456);
INSERT INTO player VALUES(616,7,838537522,'MIU205K','G4127026233',490632,817434,'CARBONITE',5,64770,110,1136);
INSERT INTO player VALUES(617,7,785857797,'金剛力','G4127026233',1996982,3128539,'CHROMIUM',4,1239,84,131);
INSERT INTO player VALUES(618,7,746539272,'ばりむ','G4127026233',316124,609080,'CARBONITE',5,44536,234,1828);
INSERT INTO player VALUES(619,7,741878993,'churashima','G4127026233',1284389,2384680,'CARBONITE',5,66648,76,209);
INSERT INTO player VALUES(620,7,727315347,'よっしー','G4127026233',999694,1504475,'CARBONITE',2,4068,72,182);
INSERT INTO player VALUES(621,7,714437488,'gangimari','G4127026233',419537,862808,'CARBONITE',4,7489,152,1048);
INSERT INTO player VALUES(622,7,689627114,'Reirei','G4127026233',593816,1352631,'BRONZIUM',5,5350,196,694);
INSERT INTO player VALUES(623,7,689229448,'Mitsu','G4127026233',1780080,2421219,'CHROMIUM',4,16732,99,869);
INSERT INTO player VALUES(624,7,683117842,'ハイチオールC','G4127026233',187440,239035,'UNKNOWN',6,0,420,1284);
INSERT INTO player VALUES(625,7,594869399,'かつひと','G4127026233',2428904,3684129,'CARBONITE',5,36660,180,363);
INSERT INTO player VALUES(626,7,587827712,'ガキ男','G4127026233',117894,261573,'UNKNOWN',6,0,490,2994);
INSERT INTO player VALUES(627,7,542615623,'oliverclothesov','G4127026233',334456,619059,'CARBONITE',5,76230,356,732);
INSERT INTO player VALUES(628,7,518425441,'アソーカ タノ','G4127026233',831363,1434088,'BRONZIUM',3,8019,468,685);
INSERT INTO player VALUES(629,7,497598358,'R2 D2','G4127026233',762111,1289433,'BRONZIUM',5,13332,1094,446);
INSERT INTO player VALUES(630,7,474798659,'ジューク','G4127026233',44011,155726,'UNKNOWN',6,0,702,1780);
INSERT INTO player VALUES(631,7,447745699,'コスモファルコン','G4127026233',718204,1012246,'CARBONITE',5,65252,145,1825);
INSERT INTO player VALUES(632,7,439763639,'Sckurrr','G4127026233',997529,1445141,'BRONZIUM',3,7235,6,64);
INSERT INTO player VALUES(633,7,417445724,'Lenders Quizan','G4127026233',99425,247976,'UNKNOWN',6,0,620,2221);
INSERT INTO player VALUES(634,7,396492931,'Norie Yuda','G4127026233',1505459,2321689,'BRONZIUM',3,29,107,469);
INSERT INTO player VALUES(635,7,365685652,'Luis Yavok','G4127026233',1307557,1569504,'CARBONITE',5,80717,199,1470);
INSERT INTO player VALUES(636,7,365616699,'siron','G4127026233',800419,1102014,'CARBONITE',4,22369,60,187);
INSERT INTO player VALUES(637,7,355585316,'Atsushi','G4127026233',1026698,1632376,'CARBONITE',5,14494,182,1422);
INSERT INTO player VALUES(638,7,329374975,'godaimer','G4127026233',1077881,1543528,'CARBONITE',4,13154,93,742);
INSERT INTO player VALUES(639,7,314743271,'Ren Gundo','G4127026233',1011297,1388825,'CARBONITE',2,7870,117,1280);
INSERT INTO player VALUES(640,7,287146513,'Mikkun','G4127026233',1612085,2148843,'BRONZIUM',5,4148,93,610);
INSERT INTO player VALUES(641,7,286199857,'髑髏組 組長 肋骨折之介','G4127026233',1525475,2241753,'CARBONITE',3,8339,94,1492);
INSERT INTO player VALUES(642,7,284394391,'過ぎ去りし時を求めて','G4127026233',141881,401075,'UNKNOWN',6,0,501,2284);
INSERT INTO player VALUES(643,7,282695491,'Dice','G4127026233',1475919,2278414,'CARBONITE',3,12295,46,350);
INSERT INTO player VALUES(644,7,274472411,'Joshy','G4127026233',2040278,3417480,'BRONZIUM',2,6523,481,228);
INSERT INTO player VALUES(645,7,253721798,'Mol Eliza','G4127026233',576598,741349,'CARBONITE',5,29325,632,257);
INSERT INTO player VALUES(646,7,244663822,'HORI','G4127026233',821228,1141229,'CARBONITE',5,87964,130,1265);
INSERT INTO player VALUES(647,7,239563199,'Mol Eliza','G4127026233',318419,645155,'CARBONITE',5,33279,1928,934);
INSERT INTO player VALUES(648,7,193439444,'Kaytee Glopio','G4127026233',942069,1684804,'CARBONITE',5,54862,112,670);
INSERT INTO player VALUES(649,7,151992388,'Dayo Nedar','G4127026233',2320877,3510805,'BRONZIUM',3,10661,156,161);
INSERT INTO player VALUES(650,7,149264613,'T','G4127026233',1234247,2356716,'CARBONITE',3,10244,352,386);
INSERT INTO player VALUES(651,7,147268542,'bamekaa','G4127026233',1227192,2118482,'CARBONITE',5,35991,266,1181);
INSERT INTO player VALUES(652,7,143877522,'タチャンカ','G4127026233',416468,924097,'CARBONITE',5,65668,453,1882);
INSERT INTO player VALUES(653,7,136166694,'Alysha Doneeta','G4127026233',1170194,1702684,'CARBONITE',5,87363,157,1326);
INSERT INTO player VALUES(654,7,121485895,'morethan','G4127026233',508370,904092,'CARBONITE',5,80474,282,1664);
INSERT INTO player VALUES(655,7,671576416,'MINI Jeepers4489','',810041,1537711,'BRONZIUM',4,7879,44,898);
INSERT INTO player VALUES(656,7,916759261,'EnderDragon10505','',790083,1634746,'CARBONITE',3,12020,226,893);
INSERT INTO player VALUES(657,8,992228328,'The Dandalorian','G746160409',1460960,2169476,'BRONZIUM',3,19417,33,122);
INSERT INTO player VALUES(658,8,957634294,'Merovecht','G746160409',1397592,1990705,'BRONZIUM',2,8031,8,51);
INSERT INTO player VALUES(659,8,938893196,'Khalifa','G746160409',1610846,2334137,'CHROMIUM',4,1511,17,134);
INSERT INTO player VALUES(660,8,924957122,'Mol Kibar','G746160409',1560534,2217158,'BRONZIUM',4,6673,50,5);
INSERT INTO player VALUES(661,8,921278768,'Rogue66697','G746160409',1964689,2729109,'CARBONITE',2,8945,58,828);
INSERT INTO player VALUES(662,8,917787877,'RedFox','G746160409',2352384,3151114,'CHROMIUM',3,1197,4,181);
INSERT INTO player VALUES(663,8,874296875,'shaneet977','G746160409',1017078,1169754,'CARBONITE',2,15709,37,786);
INSERT INTO player VALUES(664,8,869469465,'Roklar','G746160409',1625072,1725513,'BRONZIUM',3,19630,8,3);
INSERT INTO player VALUES(665,8,867329888,'Magier147','G746160409',658410,810756,'CARBONITE',2,454,88,458);
INSERT INTO player VALUES(666,8,849672945,'Unicorncakes','G746160409',1142083,1894434,'BRONZIUM',4,19084,120,756);
INSERT INTO player VALUES(667,8,842925842,'Camman113','G746160409',1552233,2238517,'BRONZIUM',3,17859,32,223);
INSERT INTO player VALUES(668,8,818653183,'AiHex','G746160409',1199048,1667447,'BRONZIUM',4,13462,15,11);
INSERT INTO player VALUES(669,8,812814131,'Titan115','G746160409',685698,1264222,'BRONZIUM',4,447,157,608);
INSERT INTO player VALUES(670,8,811732959,'The Massalorian','G746160409',1115052,1502544,'CARBONITE',5,44961,50,418);
INSERT INTO player VALUES(671,8,778736578,'The Time Ninja','G746160409',1682816,2364420,'BRONZIUM',3,11376,61,445);
INSERT INTO player VALUES(672,8,776118518,'Pucker','G746160409',1178425,2052834,'CARBONITE',3,3279,518,821);
INSERT INTO player VALUES(673,8,772127472,'Merth14','G746160409',1185907,1697419,'CARBONITE',3,14842,144,1019);
INSERT INTO player VALUES(674,8,769144997,'stryderjzw','G746160409',1538961,1847928,'BRONZIUM',2,2207,9,227);
INSERT INTO player VALUES(675,8,759267683,'Whitefox','G746160409',1823782,2220820,'CHROMIUM',2,2167,9,110);
INSERT INTO player VALUES(676,8,751896676,'Bustaz','G746160409',1079148,1614142,'CARBONITE',2,1360,132,919);
INSERT INTO player VALUES(677,8,738679812,'Hank','G746160409',1399417,2158865,'CARBONITE',2,11163,322,293);
INSERT INTO player VALUES(678,8,716896212,'NOlen','G746160409',3150896,4487373,'KYBER',3,1168,8,45);
INSERT INTO player VALUES(679,8,667937846,'ddtorch','G746160409',1759694,2040369,'BRONZIUM',2,7527,115,307);
INSERT INTO player VALUES(680,8,662511953,'Fnodo','G746160409',959366,1450554,'BRONZIUM',4,13040,43,414);
INSERT INTO player VALUES(681,8,629268449,'Francescoo7','G746160409',1278004,1763005,'BRONZIUM',2,16478,154,325);
INSERT INTO player VALUES(682,8,623398639,'CanadianFlash','G746160409',927985,1834825,'BRONZIUM',4,17969,485,279);
INSERT INTO player VALUES(683,8,622648375,'Zaknafien','G746160409',1174908,1885734,'CARBONITE',2,16855,76,292);
INSERT INTO player VALUES(684,8,586886293,'Invictus Ronin','G746160409',1265073,1568061,'CARBONITE',2,9316,27,799);
INSERT INTO player VALUES(685,8,538994795,'OrangeFox','G746160409',1320532,1806527,'BRONZIUM',4,15512,33,205);
INSERT INTO player VALUES(686,8,512317447,'Tyan Serg','G746160409',1679026,2368077,'CHROMIUM',4,919,17,287);
INSERT INTO player VALUES(687,8,484293664,'Paleguy','G746160409',1552297,2338967,'CHROMIUM',4,10714,62,66);
INSERT INTO player VALUES(688,8,461312493,'KyloRenJedi','G746160409',2022168,3217505,'CARBONITE',2,1231,101,552);
INSERT INTO player VALUES(689,8,413742635,'Stormcrow','G746160409',1379734,2142747,'BRONZIUM',4,14616,16,163);
INSERT INTO player VALUES(690,8,389732376,'DarthDailo','G746160409',1289231,1469374,'BRONZIUM',4,18683,75,119);
INSERT INTO player VALUES(691,8,375467641,'Smurphy','G746160409',1211289,1551981,'BRONZIUM',4,10066,35,364);
INSERT INTO player VALUES(692,8,369472317,'Explxsive','G746160409',1223880,2202413,'BRONZIUM',3,9564,293,94);
INSERT INTO player VALUES(693,8,367251355,'SgtPickle','G746160409',1340773,1896275,'CARBONITE',3,986,88,721);
INSERT INTO player VALUES(694,8,351352931,'brothers of arms and unknown','G746160409',1306674,1688368,'CARBONITE',2,18899,214,265);
INSERT INTO player VALUES(695,8,326458668,'Sapphirefox','G746160409',1362262,1809898,'BRONZIUM',3,9501,66,184);
INSERT INTO player VALUES(696,8,278342864,'DarkHope17','G746160409',1673421,2200140,'BRONZIUM',2,6507,3,194);
INSERT INTO player VALUES(697,8,233737879,'undead','G746160409',1343540,2109700,'CARBONITE',2,7168,83,789);
INSERT INTO player VALUES(698,8,225419915,'DarthVikingz','G746160409',1674315,2401223,'CHROMIUM',4,14540,63,142);
INSERT INTO player VALUES(699,8,219952729,'Dan Djarin','G746160409',1808519,2171074,'CHROMIUM',2,2509,4,141);
INSERT INTO player VALUES(700,8,173319854,'Lycanthia','G746160409',770991,1339562,'CARBONITE',2,11287,122,214);
INSERT INTO player VALUES(701,8,168688624,'Clerical Farm2','G746160409',2929228,3826571,'AURODIUM',2,11528,41,311);
INSERT INTO player VALUES(702,8,168232195,'ApexJoker','G746160409',1172823,1315913,'BRONZIUM',3,18263,19,88);
INSERT INTO player VALUES(703,8,153822847,'Zyphon','G746160409',1280723,1566894,'CHROMIUM',2,1930,45,73);
INSERT INTO player VALUES(704,8,136351821,'Lezene Icewalker','G746160409',1867185,3071026,'CHROMIUM',4,13904,61,598);
INSERT INTO player VALUES(705,8,126483852,'CurlyMech','G746160409',1453552,1822786,'BRONZIUM',4,13808,27,256);
INSERT INTO player VALUES(706,8,112498879,'CaptainJin','G746160409',1076633,1942483,'BRONZIUM',4,5152,99,487);
INSERT INTO player VALUES(707,8,985512294,'Schnu','G4246563087',1149925,1879456,'BRONZIUM',4,13056,99,139);
INSERT INTO player VALUES(708,8,978847392,'Filth Pig','G4246563087',1964661,3068375,'CHROMIUM',3,20536,88,540);
INSERT INTO player VALUES(709,8,965453547,'ImpressivëMostImpressive','G4246563087',3735194,5237270,'KYBER',3,48,23,10);
INSERT INTO player VALUES(710,8,943119645,'Obi','G4246563087',1934440,2771333,'CHROMIUM',4,13945,62,183);
INSERT INTO player VALUES(711,8,937853856,'Jazzzen','G4246563087',2646861,4091474,'CHROMIUM',2,4694,108,131);
INSERT INTO player VALUES(712,8,921876874,'EXALTED','G4246563087',1291721,2139699,'CARBONITE',5,50985,133,914);
INSERT INTO player VALUES(713,8,865343741,'DarthGouki','G4246563087',1459603,2088561,'BRONZIUM',4,3849,92,589);
INSERT INTO player VALUES(714,8,863677814,'Itza Trap','G4246563087',2265171,3612106,'CARBONITE',2,18513,81,372);
INSERT INTO player VALUES(715,8,855465196,'Strife7x','G4246563087',1295636,1527988,'CARBONITE',4,2277,49,763);
INSERT INTO player VALUES(716,8,845616519,'mrlazy','G4246563087',2032335,3078356,'CHROMIUM',3,3946,61,496);
INSERT INTO player VALUES(717,8,828537854,'Jonnyblade81','G4246563087',1459044,2584048,'CARBONITE',5,46203,225,1939);
INSERT INTO player VALUES(718,8,825183536,'Churro','G4246563087',3080384,4773861,'KYBER',2,12938,14,13);
INSERT INTO player VALUES(719,8,813559961,'deadpillysad','G4246563087',2583442,4026618,'BRONZIUM',2,7211,109,965);
INSERT INTO player VALUES(720,8,768338781,'Unterseeboots','G4246563087',1752252,2545131,'CHROMIUM',4,6434,39,320);
INSERT INTO player VALUES(721,8,759235174,'LordBaine','G4246563087',1524787,2290969,'CARBONITE',3,9166,133,573);
INSERT INTO player VALUES(722,8,756293538,'Sonofasith','G4246563087',1453133,2287064,'CHROMIUM',4,16731,51,323);
INSERT INTO player VALUES(723,8,741543487,'TurkNJD','G4246563087',1538522,2182605,'BRONZIUM',3,4059,44,146);
INSERT INTO player VALUES(724,8,712199224,'Declan Barr','G4246563087',1479386,2286755,'BRONZIUM',4,22456,112,443);
INSERT INTO player VALUES(725,8,691563793,'l0lnuub','G4246563087',1675424,2544795,'CHROMIUM',4,7999,92,73);
INSERT INTO player VALUES(726,8,672137126,'Pavman03','G4246563087',1438457,2093877,'BRONZIUM',2,10852,53,106);
INSERT INTO player VALUES(727,8,667317656,'Ct5555','G4246563087',1178055,1712065,'CARBONITE',3,13729,96,680);
INSERT INTO player VALUES(728,8,647536386,'Jilles','G4246563087',2075378,2750889,'CHROMIUM',3,12404,34,190);
INSERT INTO player VALUES(729,8,625175691,'JustNova','G4246563087',1246850,1939757,'BRONZIUM',4,9516,118,238);
INSERT INTO player VALUES(730,8,578468334,'Akneekan skywooker','G4246563087',1492378,1779553,'CARBONITE',2,21976,175,1295);
INSERT INTO player VALUES(731,8,571798673,'JonSnowAwakens','G4246563087',3587218,5137384,'KYBER',2,11298,28,45);
INSERT INTO player VALUES(732,8,545171597,'MINI gaven','G4246563087',1311989,2138161,'CHROMIUM',5,11830,91,540);
INSERT INTO player VALUES(733,8,543422795,'Chewingbacca','G4246563087',2210150,2993696,'BRONZIUM',4,551,107,388);
INSERT INTO player VALUES(734,8,536454289,'YavinToo','G4246563087',2087390,2980693,'AURODIUM',4,17508,27,343);
INSERT INTO player VALUES(735,8,493833675,'Cero Kurn','G4246563087',1606451,2951120,'BRONZIUM',2,12652,138,335);
INSERT INTO player VALUES(736,8,492326637,'jakkmon','G4246563087',1035640,1693672,'BRONZIUM',4,21510,104,292);
INSERT INTO player VALUES(737,8,486844631,'Endor','G4246563087',1107152,1955170,'CARBONITE',2,20999,147,723);
INSERT INTO player VALUES(738,8,478561164,'Geonightman','G4246563087',1947175,2557352,'BRONZIUM',3,13939,75,661);
INSERT INTO player VALUES(739,8,437397947,'Juules','G4246563087',1354124,2357925,'CHROMIUM',5,7182,259,313);
INSERT INTO player VALUES(740,8,436892714,'IndieAnna125','G4246563087',1266945,1859299,'BRONZIUM',2,14596,20,321);
INSERT INTO player VALUES(741,8,413863776,'Vaena','G4246563087',2440132,3911731,'CHROMIUM',3,1027,59,391);
INSERT INTO player VALUES(742,8,345927444,'ChillZeR','G4246563087',621571,946654,'CARBONITE',3,9573,59,650);
INSERT INTO player VALUES(743,8,327378288,'Majorproblem','G4246563087',2283552,3596702,'BRONZIUM',2,12852,48,578);
INSERT INTO player VALUES(744,8,326742656,'Vin Edge','G4246563087',2399503,3129422,'CARBONITE',2,3727,21,236);
INSERT INTO player VALUES(745,8,318877865,'DBA1138','G4246563087',2224787,2862359,'CHROMIUM',4,7414,44,372);
INSERT INTO player VALUES(746,8,312438286,'Sulimo','G4246563087',2437758,3880105,'CHROMIUM',3,17429,117,114);
INSERT INTO player VALUES(747,8,293234626,'Goblynn','G4246563087',1708755,2375164,'CARBONITE',5,73780,194,1829);
INSERT INTO player VALUES(748,8,269889381,'Mr Turkey Lurky','G4246563087',973879,1742509,'BRONZIUM',4,7875,299,834);
INSERT INTO player VALUES(749,8,256847846,'Mitme Stada','G4246563087',1232709,2005354,'CARBONITE',5,15686,125,801);
INSERT INTO player VALUES(750,8,255278417,'Prash Sadaun','G4246563087',2102827,3003960,'BRONZIUM',4,12647,59,132);
INSERT INTO player VALUES(751,8,219864238,'Desaer','G4246563087',1623479,2017496,'CARBONITE',3,9551,306,311);
INSERT INTO player VALUES(752,8,219847223,'Jolcun Veranes','G4246563087',1304296,2096178,'CHROMIUM',4,5510,46,124);
INSERT INTO player VALUES(753,8,211465167,'Antonio','G4246563087',1065585,1315525,'CARBONITE',3,17357,52,931);
INSERT INTO player VALUES(754,8,176798558,'Poofy','G4246563087',1691039,2399599,'BRONZIUM',3,1489,88,88);
INSERT INTO player VALUES(755,8,149824892,'DeadshotC137','G4246563087',2049432,2950322,'CARBONITE',4,13512,60,629);
INSERT INTO player VALUES(756,8,138745349,'TheFalseRoman','G4246563087',1962794,3225235,'BRONZIUM',4,4840,57,221);
INSERT INTO player VALUES(757,8,923527349,'Trufra Cadav','G997172894',2929264,3563325,'BRONZIUM',3,13271,41,921);
INSERT INTO player VALUES(758,8,919691495,'Miamo','G997172894',915608,1381205,'CARBONITE',5,39446,182,1360);
INSERT INTO player VALUES(759,8,918346314,'Mungo1','G997172894',2059510,2496511,'CARBONITE',2,1697,129,1146);
INSERT INTO player VALUES(760,8,889968276,'AltDot','G997172894',2289123,2789747,'CARBONITE',4,31723,124,196);
INSERT INTO player VALUES(761,8,866387997,'N3VETZ','G997172894',33063,90924,'UNKNOWN',6,0,857,2603);
INSERT INTO player VALUES(762,8,861362288,'Batoo','G997172894',275186,526868,'CARBONITE',4,44768,637,4782);
INSERT INTO player VALUES(763,8,847298732,'savage','G997172894',190315,375046,'UNKNOWN',6,0,268,1840);
INSERT INTO player VALUES(764,8,836143183,'Jakuu Malocc','G997172894',1442095,2301426,'CARBONITE',5,38082,194,1859);
INSERT INTO player VALUES(765,8,831468886,'ArchMultani','G997172894',1706310,2402577,'CARBONITE',5,21433,137,480);
INSERT INTO player VALUES(766,8,784157969,'Jubejube98','G997172894',626009,1307404,'CARBONITE',4,2947,313,1362);
INSERT INTO player VALUES(767,8,762766317,'Dave Rendar','G997172894',1438575,1662990,'CARBONITE',5,24416,186,1292);
INSERT INTO player VALUES(768,8,752244447,'LordJezza77','G997172894',961579,1681845,'CARBONITE',5,40841,108,406);
INSERT INTO player VALUES(769,8,693415512,'Kyla Windbourne','G997172894',507643,678523,'CARBONITE',5,37179,103,1453);
INSERT INTO player VALUES(770,8,641228528,'DRazor','G997172894',2135323,2990730,'BRONZIUM',3,14755,67,882);
INSERT INTO player VALUES(771,8,641128939,'Lon','G997172894',38725,204457,'UNKNOWN',6,0,825,2989);
INSERT INTO player VALUES(772,8,633291657,'Lorna Bai','G997172894',2892941,3873845,'CHROMIUM',4,7538,121,265);
INSERT INTO player VALUES(773,8,626473281,'DC','G997172894',1945397,2909891,'BRONZIUM',4,2578,75,354);
INSERT INTO player VALUES(774,8,615594218,'Ceth Senpai','G997172894',1285864,1788050,'CARBONITE',3,19886,84,665);
INSERT INTO player VALUES(775,8,593955719,'water green','G997172894',2827589,3950318,'BRONZIUM',2,13851,99,283);
INSERT INTO player VALUES(776,8,588496685,'Sarith LeKit','G997172894',567063,715044,'CARBONITE',5,50611,147,1305);
INSERT INTO player VALUES(777,8,587317358,'Jimmy DNG','G997172894',2989574,3929169,'CARBONITE',2,4198,180,218);
INSERT INTO player VALUES(778,8,584669628,'Felixxx','G997172894',1070620,1607315,'BRONZIUM',3,11368,41,195);
INSERT INTO player VALUES(779,8,584532575,'oliambeamsaber','G997172894',1093190,1735654,'CARBONITE',3,17055,125,1347);
INSERT INTO player VALUES(780,8,578356376,'Shaker','G997172894',2190132,2439636,'BRONZIUM',4,15647,60,531);
INSERT INTO player VALUES(781,8,569654484,'Jabweh','G997172894',1349467,2323628,'BRONZIUM',3,8350,103,167);
INSERT INTO player VALUES(782,8,558311437,'JHaus','G997172894',43413,91727,'UNKNOWN',6,0,882,5904);
INSERT INTO player VALUES(783,8,533444825,'Nema Ghyron','G997172894',2893826,3881639,'BRONZIUM',3,16554,85,243);
INSERT INTO player VALUES(784,8,522797955,'Mol Eliza','G997172894',2405452,3406515,'BRONZIUM',3,1672,49,224);
INSERT INTO player VALUES(785,8,511188838,'Plinker','G997172894',2126179,3156276,'CHROMIUM',4,20882,206,316);
INSERT INTO player VALUES(786,8,488397628,'Sifbacca','G997172894',1591982,2015413,'BRONZIUM',2,1668,15,221);
INSERT INTO player VALUES(787,8,484797364,'Rampage','G997172894',1769061,2383947,'BRONZIUM',4,7706,97,1252);
INSERT INTO player VALUES(788,8,447317119,'Jaker408','G997172894',369351,696222,'CARBONITE',5,11985,475,594);
INSERT INTO player VALUES(789,8,378861885,'Jediroy','G997172894',269349,476096,'UNKNOWN',6,0,480,1458);
INSERT INTO player VALUES(790,8,375716325,'Jeeeddddiii','G997172894',1510047,2405730,'CARBONITE',5,35221,124,1293);
INSERT INTO player VALUES(791,8,363729314,'Spokles','G997172894',68489,244628,'UNKNOWN',6,0,926,3476);
INSERT INTO player VALUES(792,8,355574864,'Nayr Nosnah','G997172894',1542282,2726566,'CARBONITE',3,19846,234,295);
INSERT INTO player VALUES(793,8,349613735,'carlega','G997172894',1459782,1850993,'CARBONITE',2,25792,120,1622);
INSERT INTO player VALUES(794,8,343475718,'NomadicJewel552','G997172894',1432117,1963587,'CARBONITE',5,56920,125,1511);
INSERT INTO player VALUES(795,8,336686637,'Water','G997172894',118336,314623,'UNKNOWN',6,0,498,2241);
INSERT INTO player VALUES(796,8,331719839,'v0mit','G997172894',2203679,3695624,'CHROMIUM',4,17903,66,861);
INSERT INTO player VALUES(797,8,273581874,'IMPei','G997172894',2527438,3840673,'BRONZIUM',4,6589,160,281);
INSERT INTO player VALUES(798,8,246611267,'Rollmeonekenobi','G997172894',1690758,2328916,'CHROMIUM',3,2986,119,192);
INSERT INTO player VALUES(799,8,236836141,'SlyGuy','G997172894',1490856,2455374,'BRONZIUM',4,21474,86,578);
INSERT INTO player VALUES(800,8,226479538,'Fatty Lumpkin','G997172894',971913,1540526,'CARBONITE',5,68201,204,559);
INSERT INTO player VALUES(801,8,223737711,'Teggrums','G997172894',2778264,4075121,'CARBONITE',5,24173,46,437);
INSERT INTO player VALUES(802,8,198128283,'Xydero908','G997172894',140669,377294,'CARBONITE',5,34890,574,2252);
INSERT INTO player VALUES(803,8,142567662,'Reorxe','G997172894',448778,546465,'CARBONITE',3,20477,42,586);
INSERT INTO player VALUES(804,8,996824772,'ブラスト','G4127026233',1429143,1987837,'CARBONITE',3,21440,235,173);
INSERT INTO player VALUES(805,8,987778572,'Stabilo Cappi','G4127026233',1370994,1959764,'CARBONITE',2,3904,52,559);
INSERT INTO player VALUES(806,8,969562745,'Ewoks collector','G4127026233',1453810,2139686,'CARBONITE',2,24323,111,726);
INSERT INTO player VALUES(807,8,957186352,'Browny Eyes','G4127026233',1195572,1954309,'CARBONITE',3,12027,232,332);
INSERT INTO player VALUES(808,8,935253319,'Ndarion Undil','G4127026233',1112312,1819232,'CARBONITE',2,4924,104,1577);
INSERT INTO player VALUES(809,8,935115886,'レックス','G4127026233',981644,1578865,'CARBONITE',5,11788,152,1675);
INSERT INTO player VALUES(810,8,921894449,'Spms7949','G4127026233',1146507,1558750,'CARBONITE',3,24498,139,1363);
INSERT INTO player VALUES(811,8,914242799,'milky','G4127026233',2462369,3605009,'BRONZIUM',4,13887,340,215);
INSERT INTO player VALUES(812,8,868966165,'Yummy Porgs','G4127026233',1629102,2477060,'CARBONITE',3,7591,140,900);
INSERT INTO player VALUES(813,8,868353899,'ゼロ','G4127026233',1035537,1436723,'CARBONITE',3,25979,1060,735);
INSERT INTO player VALUES(814,8,862822967,'座木','G4127026233',377041,581987,'CARBONITE',5,9063,608,429);
INSERT INTO player VALUES(815,8,838537522,'MIU205K','G4127026233',490632,820221,'CARBONITE',5,36392,110,1136);
INSERT INTO player VALUES(816,8,785857797,'金剛力','G4127026233',1996982,3133198,'CHROMIUM',4,17147,78,156);
INSERT INTO player VALUES(817,8,755821533,'ACE666','G4127026233',1521923,2444872,'CARBONITE',3,11314,141,363);
INSERT INTO player VALUES(818,8,746539272,'ばりむ','G4127026233',321938,614921,'CARBONITE',5,38451,242,1828);
INSERT INTO player VALUES(819,8,741878993,'churashima','G4127026233',1337626,2412482,'CARBONITE',5,24573,76,219);
INSERT INTO player VALUES(820,8,727315347,'よっしー','G4127026233',999694,1504520,'CARBONITE',2,597,89,182);
INSERT INTO player VALUES(821,8,714437488,'gangimari','G4127026233',419714,862808,'CARBONITE',4,7770,136,1045);
INSERT INTO player VALUES(822,8,689627114,'Reirei','G4127026233',593816,1352631,'CARBONITE',2,20797,198,664);
INSERT INTO player VALUES(823,8,689229448,'Mitsu','G4127026233',1780080,2421219,'CHROMIUM',4,21174,99,869);
INSERT INTO player VALUES(824,8,683117842,'ハイチオールC','G4127026233',187440,239035,'UNKNOWN',6,0,420,1284);
INSERT INTO player VALUES(825,8,594869399,'かつひと','G4127026233',2428904,3684129,'CARBONITE',5,17980,180,363);
INSERT INTO player VALUES(826,8,587827712,'ガキ男','G4127026233',118853,261573,'UNKNOWN',6,0,490,2994);
INSERT INTO player VALUES(827,8,542615623,'oliverclothesov','G4127026233',334456,619059,'CARBONITE',5,76230,356,732);
INSERT INTO player VALUES(828,8,518425441,'アソーカ タノ','G4127026233',831363,1434088,'BRONZIUM',3,8019,468,685);
INSERT INTO player VALUES(829,8,497598358,'R2 D2','G4127026233',762111,1289433,'CARBONITE',1,73,1094,446);
INSERT INTO player VALUES(830,8,447745699,'コスモファルコン','G4127026233',723558,1019193,'CARBONITE',5,38574,147,1825);
INSERT INTO player VALUES(831,8,439763639,'Sckurrr','G4127026233',1002668,1450946,'BRONZIUM',3,15725,23,52);
INSERT INTO player VALUES(832,8,417445724,'Lenders Quizan','G4127026233',97313,265327,'UNKNOWN',6,0,594,2221);
INSERT INTO player VALUES(833,8,396492931,'Norie Yuda','G4127026233',1511308,2327485,'BRONZIUM',3,6963,108,435);
INSERT INTO player VALUES(834,8,365685652,'Luis Yavok','G4127026233',1307557,1569504,'CARBONITE',5,80717,199,1470);
INSERT INTO player VALUES(835,8,365616699,'siron','G4127026233',800419,1102014,'CARBONITE',4,22369,65,187);
INSERT INTO player VALUES(836,8,355585316,'Atsushi','G4127026233',1026698,1632376,'CARBONITE',5,14494,182,1422);
INSERT INTO player VALUES(837,8,329374975,'godaimer','G4127026233',1092329,1550400,'CARBONITE',4,4865,77,1023);
INSERT INTO player VALUES(838,8,314743271,'Ren Gundo','G4127026233',1023699,1392203,'CARBONITE',2,16485,117,1280);
INSERT INTO player VALUES(839,8,287146513,'Mikkun','G4127026233',1612085,2165195,'CARBONITE',2,12753,78,734);
INSERT INTO player VALUES(840,8,286199857,'髑髏組 組長 肋骨折之介','G4127026233',1527571,2247850,'CARBONITE',3,7108,94,1492);
INSERT INTO player VALUES(841,8,284394391,'過ぎ去りし時を求めて','G4127026233',141881,401075,'UNKNOWN',6,0,501,2284);
INSERT INTO player VALUES(842,8,282695491,'Dice','G4127026233',1476502,2290582,'CARBONITE',3,5702,38,398);
INSERT INTO player VALUES(843,8,274472411,'Joshy','G4127026233',2040300,3419751,'BRONZIUM',2,13693,515,252);
INSERT INTO player VALUES(844,8,253721798,'Mol Eliza','G4127026233',581007,752414,'CARBONITE',5,15197,570,276);
INSERT INTO player VALUES(845,8,244663822,'HORI','G4127026233',829363,1152873,'CARBONITE',5,54503,174,1216);
INSERT INTO player VALUES(846,8,239563199,'Mol Eliza','G4127026233',326410,654657,'CARBONITE',5,49015,1928,792);
INSERT INTO player VALUES(847,8,193439444,'Kaytee Glopio','G4127026233',942069,1695617,'CARBONITE',5,36565,102,742);
INSERT INTO player VALUES(848,8,151992388,'Dayo Nedar','G4127026233',2320877,3510829,'BRONZIUM',3,19683,153,170);
INSERT INTO player VALUES(849,8,149264613,'T','G4127026233',1234247,2356716,'CARBONITE',3,10244,352,386);
INSERT INTO player VALUES(850,8,147268542,'bamekaa','G4127026233',1227192,2121302,'CARBONITE',5,2191,266,1181);
INSERT INTO player VALUES(851,8,143877522,'タチャンカ','G4127026233',416468,924097,'CARBONITE',5,65877,453,1882);
INSERT INTO player VALUES(852,8,136166694,'Alysha Doneeta','G4127026233',1178865,1708151,'CARBONITE',5,29937,157,1482);
INSERT INTO player VALUES(853,8,121485895,'morethan','G4127026233',508370,907218,'CARBONITE',5,27860,282,1664);
INSERT INTO player VALUES(854,8,671576416,'MINI Jeepers4489','',810041,1537711,'BRONZIUM',4,7879,44,898);
INSERT INTO player VALUES(855,8,916759261,'EnderDragon10505','',790083,1634746,'CARBONITE',3,12028,226,900);
INSERT INTO player VALUES(856,8,783429841,'Darksuka','',114168,203840,'UNKNOWN',6,0,570,1157);
INSERT INTO player VALUES(857,8,776232571,'Mouthofbees 782','',616640,1016517,'CARBONITE',4,41619,183,1435);
INSERT INTO player VALUES(858,8,221472995,'Thorington','',1218627,1989495,'CARBONITE',3,23038,148,1010);
INSERT INTO player VALUES(859,8,474798659,'ジューク','',44011,155726,'UNKNOWN',6,0,702,1780);
INSERT INTO player VALUES(860,9,992228328,'The Dandalorian','G746160409',1460960,2169476,'BRONZIUM',3,19577,38,125);
INSERT INTO player VALUES(861,9,957634294,'Merovecht','G746160409',1438956,1996347,'BRONZIUM',2,8032,9,64);
INSERT INTO player VALUES(862,9,948444192,'Brad107','G746160409',1387570,1891857,'CHROMIUM',4,19900,1,180);
INSERT INTO player VALUES(863,9,938893196,'Khalifa','G746160409',1618649,2339641,'CHROMIUM',4,1516,17,112);
INSERT INTO player VALUES(864,9,924957122,'Mol Kibar','G746160409',1560534,2218812,'BRONZIUM',4,6715,50,9);
INSERT INTO player VALUES(865,9,921278768,'Rogue66697','G746160409',1968104,2731586,'CARBONITE',2,8946,58,828);
INSERT INTO player VALUES(866,9,917787877,'RedFox','G746160409',2354801,3154692,'CHROMIUM',3,1197,8,181);
INSERT INTO player VALUES(867,9,874296875,'shaneet977','G746160409',1020010,1171077,'CARBONITE',2,15720,37,925);
INSERT INTO player VALUES(868,9,869469465,'Roklar','G746160409',1625422,1730314,'BRONZIUM',3,19792,8,6);
INSERT INTO player VALUES(869,9,867329888,'Magier147','G746160409',658410,810756,'CARBONITE',2,454,88,458);
INSERT INTO player VALUES(870,9,849672945,'Unicorncakes','G746160409',1142176,1894821,'BRONZIUM',4,19306,129,702);
INSERT INTO player VALUES(871,9,842925842,'Camman113','G746160409',1552233,2242346,'BRONZIUM',3,17997,32,223);
INSERT INTO player VALUES(872,9,818653183,'AiHex','G746160409',1202025,1669730,'BRONZIUM',4,13606,11,16);
INSERT INTO player VALUES(873,9,812814131,'Titan115','G746160409',685698,1265362,'BRONZIUM',4,615,157,608);
INSERT INTO player VALUES(874,9,811732959,'The Massalorian','G746160409',1116789,1503527,'CARBONITE',5,49800,50,370);
INSERT INTO player VALUES(875,9,778736578,'The Time Ninja','G746160409',1682816,2364420,'BRONZIUM',3,11431,61,445);
INSERT INTO player VALUES(876,9,769144997,'stryderjzw','G746160409',1539811,1848855,'BRONZIUM',2,2207,8,227);
INSERT INTO player VALUES(877,9,759267683,'Whitefox','G746160409',1823782,2220820,'CHROMIUM',2,2167,20,122);
INSERT INTO player VALUES(878,9,751896676,'Bustaz','G746160409',1079148,1619408,'CARBONITE',2,1360,132,833);
INSERT INTO player VALUES(879,9,738679812,'Hank','G746160409',1402220,2163243,'CARBONITE',2,11164,322,293);
INSERT INTO player VALUES(880,9,716896212,'NOlen','G746160409',3150896,4489388,'KYBER',3,1168,12,45);
INSERT INTO player VALUES(881,9,676728824,'Renegade','G746160409',406221,660037,'CARBONITE',2,23128,70,747);
INSERT INTO player VALUES(882,9,667937846,'ddtorch','G746160409',1759694,2040999,'BRONZIUM',2,7528,115,307);
INSERT INTO player VALUES(883,9,662511953,'Fnodo','G746160409',968286,1455887,'BRONZIUM',4,13178,41,487);
INSERT INTO player VALUES(884,9,629268449,'Francescoo7','G746160409',1278004,1764527,'BRONZIUM',2,16494,154,325);
INSERT INTO player VALUES(885,9,623398639,'CanadianFlash','G746160409',928458,1838410,'BRONZIUM',4,18179,485,279);
INSERT INTO player VALUES(886,9,586886293,'Invictus Ronin','G746160409',1265073,1578324,'CARBONITE',2,9317,27,799);
INSERT INTO player VALUES(887,9,538994795,'OrangeFox','G746160409',1320795,1807287,'BRONZIUM',4,15693,33,174);
INSERT INTO player VALUES(888,9,512317447,'Tyan Serg','G746160409',1679026,2368077,'CHROMIUM',4,922,17,287);
INSERT INTO player VALUES(889,9,484293664,'Paleguy','G746160409',1556455,2337299,'CHROMIUM',4,10781,66,79);
INSERT INTO player VALUES(890,9,461312493,'KyloRenJedi','G746160409',2022168,3217505,'CARBONITE',2,1231,101,652);
INSERT INTO player VALUES(891,9,413742635,'Stormcrow','G746160409',1379734,2146476,'BRONZIUM',4,14785,22,181);
INSERT INTO player VALUES(892,9,389732376,'DarthDailo','G746160409',1289231,1469374,'BRONZIUM',4,18900,75,119);
INSERT INTO player VALUES(893,9,375467641,'Smurphy','G746160409',1211289,1551981,'BRONZIUM',4,10153,35,364);
INSERT INTO player VALUES(894,9,369472317,'Explxsive','G746160409',1223996,2204583,'BRONZIUM',3,9605,293,90);
INSERT INTO player VALUES(895,9,367251355,'SgtPickle','G746160409',1341380,1896738,'CARBONITE',3,986,111,648);
INSERT INTO player VALUES(896,9,351352931,'brothers of arms and unknown','G746160409',1306674,1689200,'CARBONITE',2,18959,214,265);
INSERT INTO player VALUES(897,9,326458668,'Sapphirefox','G746160409',1362262,1809898,'BRONZIUM',3,9541,66,184);
INSERT INTO player VALUES(898,9,278342864,'DarkHope17','G746160409',1673421,2200140,'BRONZIUM',2,6508,5,194);
INSERT INTO player VALUES(899,9,245638798,'BeerDrinker98','G746160409',2007603,2441489,'AURODIUM',4,116,23,54);
INSERT INTO player VALUES(900,9,233737879,'undead','G746160409',1343540,2110728,'CARBONITE',2,7169,83,789);
INSERT INTO player VALUES(901,9,225419915,'DarthVikingz','G746160409',1674315,2401421,'CHROMIUM',4,14636,63,142);
INSERT INTO player VALUES(902,9,219952729,'Dan Djarin','G746160409',1808519,2171217,'CHROMIUM',2,2509,3,141);
INSERT INTO player VALUES(903,9,173319854,'Lycanthia','G746160409',770991,1339772,'CARBONITE',2,11288,122,254);
INSERT INTO player VALUES(904,9,168688624,'Clerical Farm2','G746160409',2933011,3828764,'AURODIUM',2,11537,41,311);
INSERT INTO player VALUES(905,9,168232195,'ApexJoker','G746160409',1172823,1315913,'BRONZIUM',3,18409,19,88);
INSERT INTO player VALUES(906,9,153822847,'Zyphon','G746160409',1280723,1566894,'CHROMIUM',2,1930,53,86);
INSERT INTO player VALUES(907,9,136351821,'Lezene Icewalker','G746160409',1867185,3072437,'CHROMIUM',4,13994,61,598);
INSERT INTO player VALUES(908,9,126483852,'CurlyMech','G746160409',1453552,1822786,'BRONZIUM',4,13960,22,223);
INSERT INTO player VALUES(909,9,112498879,'CaptainJin','G746160409',1076633,1942726,'BRONZIUM',4,5175,99,487);
INSERT INTO player VALUES(910,9,985512294,'Schnu','G4246563087',1149925,1880307,'BRONZIUM',4,13194,95,144);
INSERT INTO player VALUES(911,9,978847392,'Filth Pig','G4246563087',1964661,3069285,'CHROMIUM',3,20615,84,489);
INSERT INTO player VALUES(912,9,965453547,'ImpressivëMostImpressive','G4246563087',3735194,5240571,'KYBER',3,48,18,10);
INSERT INTO player VALUES(913,9,943119645,'Obi','G4246563087',1937360,2775667,'CHROMIUM',4,14035,75,183);
INSERT INTO player VALUES(914,9,937853856,'Jazzzen','G4246563087',2647736,4091519,'CHROMIUM',2,4694,108,145);
INSERT INTO player VALUES(915,9,921876874,'EXALTED','G4246563087',1291721,2140095,'CARBONITE',5,56285,133,914);
INSERT INTO player VALUES(916,9,865343741,'DarthGouki','G4246563087',1459603,2088561,'BRONZIUM',4,3852,76,532);
INSERT INTO player VALUES(917,9,863677814,'Itza Trap','G4246563087',2266143,3612748,'CARBONITE',2,18566,81,372);
INSERT INTO player VALUES(918,9,855465196,'Strife7x','G4246563087',1295636,1527988,'CARBONITE',4,2277,49,763);
INSERT INTO player VALUES(919,9,845616519,'mrlazy','G4246563087',2032335,3080679,'CHROMIUM',3,3946,61,496);
INSERT INTO player VALUES(920,9,828537854,'Jonnyblade81','G4246563087',1459044,2584258,'CARBONITE',5,51085,225,1939);
INSERT INTO player VALUES(921,9,813559961,'deadpillysad','G4246563087',2583442,4026761,'BRONZIUM',2,7212,103,1019);
INSERT INTO player VALUES(922,9,768338781,'Unterseeboots','G4246563087',1752535,2545605,'CHROMIUM',4,6471,32,315);
INSERT INTO player VALUES(923,9,759235174,'LordBaine','G4246563087',1544867,2301725,'CARBONITE',3,9204,133,528);
INSERT INTO player VALUES(924,9,756293538,'Sonofasith','G4246563087',1453133,2288312,'CHROMIUM',4,16850,42,312);
INSERT INTO player VALUES(925,9,741543487,'TurkNJD','G4246563087',1538522,2182605,'BRONZIUM',3,4067,51,155);
INSERT INTO player VALUES(926,9,712199224,'Declan Barr','G4246563087',1479386,2286755,'BRONZIUM',4,22818,112,443);
INSERT INTO player VALUES(927,9,691563793,'l0lnuub','G4246563087',1675424,2544795,'CHROMIUM',4,8044,108,86);
INSERT INTO player VALUES(928,9,672137126,'Pavman03','G4246563087',1438457,2093877,'BRONZIUM',2,10855,59,106);
INSERT INTO player VALUES(929,9,667317656,'Ct5555','G4246563087',1178055,1712065,'CARBONITE',3,13894,96,722);
INSERT INTO player VALUES(930,9,647536386,'Jilles','G4246563087',2075378,2750889,'CHROMIUM',3,12434,34,165);
INSERT INTO player VALUES(931,9,625175691,'JustNova','G4246563087',1246850,1939967,'BRONZIUM',4,9594,118,238);
INSERT INTO player VALUES(932,9,578468334,'Akneekan skywooker','G4246563087',1497265,1781725,'CARBONITE',2,22109,175,1295);
INSERT INTO player VALUES(933,9,571798673,'JonSnowAwakens','G4246563087',3587218,5138123,'KYBER',2,11304,7,65);
INSERT INTO player VALUES(934,9,545171597,'MINI gaven','G4246563087',1311989,2138161,'CHROMIUM',5,11830,91,540);
INSERT INTO player VALUES(935,9,543422795,'Chewingbacca','G4246563087',2210150,2997456,'BRONZIUM',4,551,107,354);
INSERT INTO player VALUES(936,9,536454289,'YavinToo','G4246563087',2087390,2980693,'AURODIUM',4,17585,35,343);
INSERT INTO player VALUES(937,9,493833675,'Cero Kurn','G4246563087',1606898,2951462,'BRONZIUM',2,12658,138,335);
INSERT INTO player VALUES(938,9,492326637,'jakkmon','G4246563087',1035640,1694557,'BRONZIUM',4,251,104,292);
INSERT INTO player VALUES(939,9,486844631,'Endor','G4246563087',1107152,1956955,'CARBONITE',2,21112,132,679);
INSERT INTO player VALUES(940,9,478561164,'Geonightman','G4246563087',1947175,2579216,'BRONZIUM',3,14020,75,661);
INSERT INTO player VALUES(941,9,437397947,'Juules','G4246563087',1354124,2357925,'BRONZIUM',4,17716,259,313);
INSERT INTO player VALUES(942,9,436892714,'IndieAnna125','G4246563087',1266945,1859758,'BRONZIUM',2,14606,20,321);
INSERT INTO player VALUES(943,9,413863776,'Vaena','G4246563087',2440132,3911731,'CHROMIUM',3,1027,56,391);
INSERT INTO player VALUES(944,9,345927444,'ChillZeR','G4246563087',623284,951011,'CARBONITE',3,9623,58,650);
INSERT INTO player VALUES(945,9,327378288,'Majorproblem','G4246563087',2293132,3606266,'BRONZIUM',2,12858,58,495);
INSERT INTO player VALUES(946,9,326742656,'Vin Edge','G4246563087',2399503,3137179,'CARBONITE',2,3727,23,236);
INSERT INTO player VALUES(947,9,318877865,'DBA1138','G4246563087',2225370,2862697,'CHROMIUM',4,7456,44,439);
INSERT INTO player VALUES(948,9,312438286,'Sulimo','G4246563087',2438703,3883780,'CHROMIUM',3,17489,117,135);
INSERT INTO player VALUES(949,9,293234626,'Goblynn','G4246563087',1708755,2375164,'CARBONITE',5,52011,194,1829);
INSERT INTO player VALUES(950,9,269889381,'Mr Turkey Lurky','G4246563087',974991,1742509,'BRONZIUM',4,7931,299,783);
INSERT INTO player VALUES(951,9,256847846,'Mitme Stada','G4246563087',1232814,2005939,'CARBONITE',5,16451,125,790);
INSERT INTO player VALUES(952,9,255278417,'Prash Sadaun','G4246563087',2102827,3004225,'BRONZIUM',4,12781,59,132);
INSERT INTO player VALUES(953,9,219864238,'Desaer','G4246563087',1624660,2018126,'CARBONITE',3,9601,281,270);
INSERT INTO player VALUES(954,9,219847223,'Jolcun Veranes','G4246563087',1304296,2096178,'CHROMIUM',4,5543,39,117);
INSERT INTO player VALUES(955,9,211465167,'Antonio','G4246563087',1065585,1315525,'CARBONITE',3,17357,52,931);
INSERT INTO player VALUES(956,9,176798558,'Poofy','G4246563087',1691039,2402653,'BRONZIUM',3,1489,88,91);
INSERT INTO player VALUES(957,9,149824892,'DeadshotC137','G4246563087',2049432,2950322,'CARBONITE',4,13769,60,674);
INSERT INTO player VALUES(958,9,138745349,'TheFalseRoman','G4246563087',1962794,3225235,'BRONZIUM',4,4861,57,221);
INSERT INTO player VALUES(959,9,923527349,'Trufra Cadav','G997172894',2929264,3563325,'BRONZIUM',3,13342,41,921);
INSERT INTO player VALUES(960,9,919691495,'Miamo','G997172894',915608,1381205,'CARBONITE',5,43662,182,1360);
INSERT INTO player VALUES(961,9,918346314,'Mungo1','G997172894',2059510,2496931,'CARBONITE',2,1697,129,1146);
INSERT INTO player VALUES(962,9,889968276,'AltDot','G997172894',2289123,2789747,'CARBONITE',4,31723,124,196);
INSERT INTO player VALUES(963,9,866387997,'N3VETZ','G997172894',33063,90924,'UNKNOWN',6,0,857,2603);
INSERT INTO player VALUES(964,9,861362288,'Batoo','G997172894',275186,526868,'CARBONITE',4,44818,637,4782);
INSERT INTO player VALUES(965,9,847298732,'savage','G997172894',190521,377727,'UNKNOWN',6,0,268,1949);
INSERT INTO player VALUES(966,9,836143183,'Jakuu Malocc','G997172894',1442095,2301426,'CARBONITE',5,42163,194,1859);
INSERT INTO player VALUES(967,9,831468886,'ArchMultani','G997172894',1706350,2403126,'CARBONITE',5,23230,137,480);
INSERT INTO player VALUES(968,9,784157969,'Jubejube98','G997172894',626009,1307404,'CARBONITE',4,2947,313,1362);
INSERT INTO player VALUES(969,9,762766317,'Dave Rendar','G997172894',1444706,1669911,'CARBONITE',5,26736,186,1292);
INSERT INTO player VALUES(970,9,752244447,'LordJezza77','G997172894',961579,1681845,'CARBONITE',5,45179,108,564);
INSERT INTO player VALUES(971,9,734579226,'Tappman','G997172894',766151,1163774,'CARBONITE',2,25811,232,582);
INSERT INTO player VALUES(972,9,724946118,'Zalandas Gosular','G997172894',51007,119475,'UNKNOWN',6,0,806,3988);
INSERT INTO player VALUES(973,9,693415512,'Kyla Windbourne','G997172894',509783,679031,'CARBONITE',5,41174,103,1453);
INSERT INTO player VALUES(974,9,641228528,'DRazor','G997172894',2135323,2990940,'BRONZIUM',3,14846,67,882);
INSERT INTO player VALUES(975,9,641128939,'Lon','G997172894',38725,204457,'UNKNOWN',6,0,825,2989);
INSERT INTO player VALUES(976,9,633291657,'Lorna Bai','G997172894',2894358,3875017,'CHROMIUM',4,7580,121,265);
INSERT INTO player VALUES(977,9,626473281,'DC','G997172894',1945397,2910089,'BRONZIUM',4,2578,91,375);
INSERT INTO player VALUES(978,9,615594218,'Ceth Senpai','G997172894',1286489,1789418,'CARBONITE',3,20233,84,665);
INSERT INTO player VALUES(979,9,593955719,'water green','G997172894',2827589,3950318,'BRONZIUM',2,13859,99,283);
INSERT INTO player VALUES(980,9,588496685,'Sarith LeKit','G997172894',571436,717119,'CARBONITE',5,55804,142,1305);
INSERT INTO player VALUES(981,9,587317358,'Jimmy DNG','G997172894',2989574,3929169,'CARBONITE',2,4198,180,218);
INSERT INTO player VALUES(982,9,584669628,'Felixxx','G997172894',1070620,1610113,'BRONZIUM',3,11421,31,195);
INSERT INTO player VALUES(983,9,584532575,'oliambeamsaber','G997172894',1098056,1738101,'CARBONITE',3,17302,106,1367);
INSERT INTO player VALUES(984,9,578356376,'Shaker','G997172894',2190132,2439636,'BRONZIUM',4,15828,60,531);
INSERT INTO player VALUES(985,9,569654484,'Jabweh','G997172894',1349467,2323628,'BRONZIUM',3,8373,103,167);
INSERT INTO player VALUES(986,9,558311437,'JHaus','G997172894',43413,91727,'UNKNOWN',6,0,882,5904);
INSERT INTO player VALUES(987,9,533444825,'Nema Ghyron','G997172894',2893826,3882146,'BRONZIUM',3,16665,85,243);
INSERT INTO player VALUES(988,9,522797955,'Mol Eliza','G997172894',2405452,3406515,'BRONZIUM',3,1672,48,224);
INSERT INTO player VALUES(989,9,511188838,'Plinker','G997172894',2129563,3163096,'CHROMIUM',4,21039,206,316);
INSERT INTO player VALUES(990,9,488397628,'Sifbacca','G997172894',1591982,2015413,'BRONZIUM',2,1668,15,209);
INSERT INTO player VALUES(991,9,484797364,'Rampage','G997172894',1771484,2383947,'BRONZIUM',4,7761,97,1334);
INSERT INTO player VALUES(992,9,447317119,'Jaker408','G997172894',371277,699408,'CARBONITE',5,12360,475,594);
INSERT INTO player VALUES(993,9,378861885,'Jediroy','G997172894',269349,476096,'UNKNOWN',6,0,480,1458);
INSERT INTO player VALUES(994,9,375716325,'Jeeeddddiii','G997172894',1510047,2405730,'CARBONITE',5,39062,124,1293);
INSERT INTO player VALUES(995,9,363729314,'Spokles','G997172894',68489,248125,'UNKNOWN',6,0,926,3476);
INSERT INTO player VALUES(996,9,355574864,'Nayr Nosnah','G997172894',1542282,2726582,'CARBONITE',3,20192,234,295);
INSERT INTO player VALUES(997,9,349613735,'carlega','G997172894',1460771,1851745,'CARBONITE',2,26244,120,1622);
INSERT INTO player VALUES(998,9,343475718,'NomadicJewel552','G997172894',1432117,1963587,'CARBONITE',5,56920,125,1511);
INSERT INTO player VALUES(999,9,336686637,'Water','G997172894',118481,315298,'UNKNOWN',6,0,498,2241);
INSERT INTO player VALUES(1000,9,331719839,'v0mit','G997172894',2203679,3695648,'CHROMIUM',4,18035,66,861);
INSERT INTO player VALUES(1001,9,273581874,'IMPei','G997172894',2527478,3840718,'BRONZIUM',4,6631,160,281);
INSERT INTO player VALUES(1002,9,246611267,'Rollmeonekenobi','G997172894',1690758,2330899,'CHROMIUM',3,2986,119,192);
INSERT INTO player VALUES(1003,9,236836141,'SlyGuy','G997172894',1490856,2455374,'BRONZIUM',4,21773,86,578);
INSERT INTO player VALUES(1004,9,226479538,'Fatty Lumpkin','G997172894',971913,1540526,'CARBONITE',5,68201,204,559);
INSERT INTO player VALUES(1005,9,223737711,'Teggrums','G997172894',2782532,4077018,'CARBONITE',5,26460,46,437);
INSERT INTO player VALUES(1006,9,198128283,'Xydero908','G997172894',140669,377294,'CARBONITE',5,34890,574,2252);
INSERT INTO player VALUES(1007,9,142567662,'Reorxe','G997172894',448778,546465,'CARBONITE',3,20848,42,523);
INSERT INTO player VALUES(1008,9,996824772,'ブラスト','G4127026233',1429143,1987837,'CARBONITE',3,21825,235,173);
INSERT INTO player VALUES(1009,9,987778572,'Stabilo Cappi','G4127026233',1371120,1961552,'CARBONITE',2,3904,52,559);
INSERT INTO player VALUES(1010,9,969562745,'Ewoks collector','G4127026233',1453810,2139686,'CARBONITE',2,24701,112,759);
INSERT INTO player VALUES(1011,9,957186352,'Browny Eyes','G4127026233',1195572,1954309,'CARBONITE',3,12146,232,332);
INSERT INTO player VALUES(1012,9,935253319,'Ndarion Undil','G4127026233',1112312,1821311,'CARBONITE',2,4925,104,1577);
INSERT INTO player VALUES(1013,9,935115886,'レックス','G4127026233',988427,1588755,'CARBONITE',5,12140,152,1543);
INSERT INTO player VALUES(1014,9,921894449,'Spms7949','G4127026233',1149346,1560984,'CARBONITE',3,24980,120,1363);
INSERT INTO player VALUES(1015,9,914242799,'milky','G4127026233',2462761,3605405,'BRONZIUM',4,14037,340,215);
INSERT INTO player VALUES(1016,9,868966165,'Yummy Porgs','G4127026233',1629102,2477060,'CARBONITE',3,7591,140,900);
INSERT INTO player VALUES(1017,9,868353899,'ゼロ','G4127026233',1035537,1436723,'CARBONITE',3,26852,1060,735);
INSERT INTO player VALUES(1018,9,862822967,'座木','G4127026233',377041,581987,'CARBONITE',5,9126,608,429);
INSERT INTO player VALUES(1019,9,838537522,'MIU205K','G4127026233',492107,822216,'CARBONITE',5,40237,110,1136);
INSERT INTO player VALUES(1020,9,785857797,'金剛力','G4127026233',1997407,3133408,'CHROMIUM',4,17267,78,175);
INSERT INTO player VALUES(1021,9,755821533,'ACE666','G4127026233',1523483,2444872,'CARBONITE',3,11406,141,363);
INSERT INTO player VALUES(1022,9,746539272,'ばりむ','G4127026233',325442,617316,'CARBONITE',5,42458,242,1999);
INSERT INTO player VALUES(1023,9,741878993,'churashima','G4127026233',1338391,2412739,'CARBONITE',5,26859,76,219);
INSERT INTO player VALUES(1024,9,727315347,'よっしー','G4127026233',1002736,1504544,'CARBONITE',2,597,89,185);
INSERT INTO player VALUES(1025,9,714437488,'gangimari','G4127026233',419714,862808,'CARBONITE',4,7776,136,1045);
INSERT INTO player VALUES(1026,9,689627114,'Reirei','G4127026233',593816,1354778,'CARBONITE',2,20898,198,664);
INSERT INTO player VALUES(1027,9,689229448,'Mitsu','G4127026233',1780080,2421219,'CHROMIUM',4,21333,99,869);
INSERT INTO player VALUES(1028,9,683117842,'ハイチオールC','G4127026233',187440,239035,'UNKNOWN',6,0,420,1510);
INSERT INTO player VALUES(1029,9,594869399,'かつひと','G4127026233',2428904,3684129,'CARBONITE',5,19046,180,369);
INSERT INTO player VALUES(1030,9,587827712,'ガキ男','G4127026233',118853,261573,'UNKNOWN',6,0,490,2994);
INSERT INTO player VALUES(1031,9,542615623,'oliverclothesov','G4127026233',336206,625515,'CARBONITE',5,31080,356,732);
INSERT INTO player VALUES(1032,9,518425441,'アソーカ タノ','G4127026233',831363,1434088,'BRONZIUM',3,8019,468,685);
INSERT INTO player VALUES(1033,9,497598358,'R2 D2','G4127026233',762111,1289433,'CARBONITE',1,79,1094,446);
INSERT INTO player VALUES(1034,9,447745699,'コスモファルコン','G4127026233',723558,1019193,'CARBONITE',5,42592,147,1825);
INSERT INTO player VALUES(1035,9,439763639,'Sckurrr','G4127026233',1002668,1451831,'BRONZIUM',3,15825,27,42);
INSERT INTO player VALUES(1036,9,417445724,'Lenders Quizan','G4127026233',97380,267532,'UNKNOWN',6,0,543,2198);
INSERT INTO player VALUES(1037,9,396492931,'Norie Yuda','G4127026233',1511308,2327485,'BRONZIUM',3,6974,108,435);
INSERT INTO player VALUES(1038,9,365685652,'Luis Yavok','G4127026233',1307557,1569966,'CARBONITE',5,43316,199,1470);
INSERT INTO player VALUES(1039,9,365616699,'siron','G4127026233',800419,1102014,'CARBONITE',4,22369,65,187);
INSERT INTO player VALUES(1040,9,355585316,'Atsushi','G4127026233',1026698,1632376,'CARBONITE',5,14494,182,1422);
INSERT INTO player VALUES(1041,9,329374975,'godaimer','G4127026233',1092329,1550400,'CARBONITE',4,4865,101,1159);
INSERT INTO player VALUES(1042,9,314743271,'Ren Gundo','G4127026233',1023699,1392911,'CARBONITE',2,16501,117,1280);
INSERT INTO player VALUES(1043,9,287146513,'Mikkun','G4127026233',1612085,2165768,'CARBONITE',2,12754,78,734);
INSERT INTO player VALUES(1044,9,286199857,'髑髏組 組長 肋骨折之介','G4127026233',1529977,2258943,'CARBONITE',3,7108,94,1492);
INSERT INTO player VALUES(1045,9,284394391,'過ぎ去りし時を求めて','G4127026233',141881,401075,'UNKNOWN',6,0,501,2284);
INSERT INTO player VALUES(1046,9,282695491,'Dice','G4127026233',1478589,2292071,'CARBONITE',3,5702,35,398);
INSERT INTO player VALUES(1047,9,274472411,'Joshy','G4127026233',2040300,3425433,'BRONZIUM',2,13701,515,252);
INSERT INTO player VALUES(1048,9,253721798,'Mol Eliza','G4127026233',584788,753707,'CARBONITE',5,15849,540,276);
INSERT INTO player VALUES(1049,9,244663822,'HORI','G4127026233',829363,1157003,'CARBONITE',5,59930,174,1382);
INSERT INTO player VALUES(1050,9,239563199,'Mol Eliza','G4127026233',326635,655101,'CARBONITE',5,53962,1899,792);
INSERT INTO player VALUES(1051,9,193439444,'Kaytee Glopio','G4127026233',942069,1695827,'CARBONITE',5,40429,96,742);
INSERT INTO player VALUES(1052,9,151992388,'Dayo Nedar','G4127026233',2320877,3510829,'BRONZIUM',3,19834,153,170);
INSERT INTO player VALUES(1053,9,149264613,'T','G4127026233',1234247,2356716,'CARBONITE',3,10244,352,386);
INSERT INTO player VALUES(1054,9,147268542,'bamekaa','G4127026233',1227192,2130458,'CARBONITE',5,2191,266,1181);
INSERT INTO player VALUES(1055,9,143877522,'タチャンカ','G4127026233',416468,924097,'CARBONITE',5,65877,453,1882);
INSERT INTO player VALUES(1056,9,136166694,'Alysha Doneeta','G4127026233',1178865,1708349,'CARBONITE',5,33160,185,1482);
INSERT INTO player VALUES(1057,9,121485895,'morethan','G4127026233',508370,924711,'CARBONITE',5,30730,282,1664);
INSERT INTO player VALUES(1058,9,997447789,'Movan Lipost','G4072695867',3786207,5798810,'KYBER',2,1357,17,18);
INSERT INTO player VALUES(1059,9,995891953,'Raidercillo','G4072695867',3786661,5596063,'KYBER',2,5590,12,9);
INSERT INTO player VALUES(1060,9,993833511,'Chalbran Leone','G4072695867',3565426,5551362,'KYBER',1,2979,87,28);
INSERT INTO player VALUES(1061,9,956568878,'MINI Sickman','G4072695867',3682503,5280967,'KYBER',2,1707,7,57);
INSERT INTO player VALUES(1062,9,927697381,'S H A D O W','G4072695867',3970862,6101808,'KYBER',2,3804,18,4);
INSERT INTO player VALUES(1063,9,881214145,'ObiTwo','G4072695867',3374659,4687896,'KYBER',2,9628,20,113);
INSERT INTO player VALUES(1064,9,861924158,'millsy','G4072695867',3762132,5610679,'KYBER',2,66,8,15);
INSERT INTO player VALUES(1065,9,844683625,'Covell','G4072695867',3343176,4905039,'KYBER',5,296,50,294);
INSERT INTO player VALUES(1066,9,825183536,'Churro','G4072695867',3080384,4774161,'KYBER',2,12942,6,14);
INSERT INTO player VALUES(1067,9,798515353,'Mt Egypt','G4072695867',2850692,4217143,'BRONZIUM',2,17952,220,86);
INSERT INTO player VALUES(1068,9,725325953,'Rainrisen','G4072695867',3737336,5535724,'KYBER',1,2111,3,2);
INSERT INTO player VALUES(1069,9,683426322,'Squirrelly RIP Chrichelle','G4072695867',3784936,5564928,'KYBER',2,2342,25,123);
INSERT INTO player VALUES(1070,9,668197115,'Skyrex','G4072695867',3804843,5803031,'KYBER',1,1324,7,5);
INSERT INTO player VALUES(1071,9,644116964,'ScarLive','G4072695867',3752792,5764613,'KYBER',2,8377,14,28);
INSERT INTO player VALUES(1072,9,643621235,'Aayla Secura','G4072695867',3535635,5181304,'KYBER',1,2925,2,58);
INSERT INTO player VALUES(1073,9,619291436,'shipmaster96','G4072695867',3957634,5382076,'KYBER',2,10446,10,76);
INSERT INTO player VALUES(1074,9,592789181,'MINI Syfo Diaz','G4072695867',3717202,5563347,'KYBER',2,10420,1,1);
INSERT INTO player VALUES(1075,9,575697767,'Rico4ever','G4072695867',3798300,5414681,'KYBER',2,2494,9,12);
INSERT INTO player VALUES(1076,9,574428372,'Gernmalille','G4072695867',3513663,4778919,'KYBER',3,13138,37,85);
INSERT INTO player VALUES(1077,9,541843541,'Squall','G4072695867',3772943,5589487,'KYBER',1,1247,4,36);
INSERT INTO player VALUES(1078,9,537429628,'Baniss Durron','G4072695867',3728487,5632358,'KYBER',2,1307,8,7);
INSERT INTO player VALUES(1079,9,498586536,'MINI RaiderNation','G4072695867',3867526,5874969,'KYBER',2,3757,5,2);
INSERT INTO player VALUES(1080,9,476715944,'kingcobra','G4072695867',3756396,5449109,'KYBER',3,6280,33,28);
INSERT INTO player VALUES(1081,9,455356237,'Drew Rosario','G4072695867',3827056,5827689,'KYBER',1,3050,1,1);
INSERT INTO player VALUES(1082,9,441913493,'RøŃîn','G4072695867',3445673,5161219,'CHROMIUM',3,1160,20,72);
INSERT INTO player VALUES(1083,9,436962941,'Barhis Sonte','G4072695867',3673993,5061074,'KYBER',2,10071,23,60);
INSERT INTO player VALUES(1084,9,428333294,'SummerSky','G4072695867',3656576,5402151,'KYBER',2,4088,5,36);
INSERT INTO player VALUES(1085,9,384288315,'2legend2','G4072695867',3929746,6016264,'KYBER',1,845,7,2);
INSERT INTO player VALUES(1086,9,382122535,'Whiplash','G4072695867',3787272,5687723,'KYBER',1,634,6,7);
INSERT INTO player VALUES(1087,9,364539232,'Black Reaper','G4072695867',3866617,6056295,'KYBER',2,1689,15,8);
INSERT INTO player VALUES(1088,9,356698886,'Feyd','G4072695867',3713466,5168069,'KYBER',3,238,17,17);
INSERT INTO player VALUES(1089,9,352631796,'Cr1sR1z','G4072695867',3934722,5882198,'KYBER',1,485,8,16);
INSERT INTO player VALUES(1090,9,348299113,'Sabersmith','G4072695867',3868042,5945039,'KYBER',2,6275,44,38);
INSERT INTO player VALUES(1091,9,339548435,'MINI Gom jabbar','G4072695867',3687423,5426500,'KYBER',2,4186,1,10);
INSERT INTO player VALUES(1092,9,327625311,'Mars','G4072695867',3958244,5894512,'KYBER',2,548,5,3);
INSERT INTO player VALUES(1093,9,318638956,'SrgtPeppper','G4072695867',3690843,5443333,'KYBER',2,4581,27,10);
INSERT INTO player VALUES(1094,9,279991231,'Zhaji','G4072695867',3579940,5527598,'KYBER',2,2453,18,36);
INSERT INTO player VALUES(1095,9,247423128,'Kilo Ren','G4072695867',3869616,5610762,'KYBER',2,8190,10,15);
INSERT INTO player VALUES(1096,9,244739166,'Borlach','G4072695867',3783104,5743756,'KYBER',1,3132,3,18);
INSERT INTO player VALUES(1097,9,243583746,'Csaba69','G4072695867',3643471,5176129,'KYBER',1,2045,23,16);
INSERT INTO player VALUES(1098,9,236988998,'Chaitanya','G4072695867',3709145,5578047,'KYBER',2,1916,1,1);
INSERT INTO player VALUES(1099,9,212842992,'Timo Dark','G4072695867',3624423,5577356,'KYBER',3,6707,27,90);
INSERT INTO player VALUES(1100,9,178324321,'MINI Teemus','G4072695867',3537129,5307823,'AURODIUM',1,734,165,128);
INSERT INTO player VALUES(1101,9,176514931,'DevilDuck','G4072695867',3889423,5949701,'KYBER',2,10063,13,44);
INSERT INTO player VALUES(1102,9,165972493,'DavidMoyes 4Lee','G4072695867',3275146,4738055,'KYBER',3,3427,14,54);
INSERT INTO player VALUES(1103,9,158761885,'MasterRems','G4072695867',3385168,4469043,'KYBER',2,5111,20,39);
INSERT INTO player VALUES(1104,9,134264565,'MINI ILikeWhatYouGot','G4072695867',3300258,5028016,'KYBER',4,3047,36,328);
INSERT INTO player VALUES(1105,9,131137289,'Aleculus','G4072695867',3729202,5681838,'KYBER',2,12880,42,7);
INSERT INTO player VALUES(1106,9,125468831,'Gul Ski','G4072695867',3636697,5278627,'KYBER',1,693,1,20);
INSERT INTO player VALUES(1107,9,776118518,'Pucker','',1178425,2052834,'CARBONITE',3,3279,518,926);
INSERT INTO player VALUES(1108,9,772127472,'Merth14','',1190263,1703084,'CARBONITE',3,15043,131,1019);
INSERT INTO player VALUES(1109,9,671576416,'MINI Jeepers4489','',810041,1537711,'BRONZIUM',4,7879,44,898);
INSERT INTO player VALUES(1110,9,622648375,'Zaknafien','',1174908,1885734,'CARBONITE',2,16879,76,292);
INSERT INTO player VALUES(1111,9,916759261,'EnderDragon10505','',790083,1634746,'CARBONITE',3,12028,226,900);
INSERT INTO player VALUES(1112,9,783429841,'Darksuka','',114168,203840,'UNKNOWN',6,0,570,1157);
INSERT INTO player VALUES(1113,9,776232571,'Mouthofbees 782','',616640,1016517,'CARBONITE',4,41624,183,1435);
INSERT INTO player VALUES(1114,9,221472995,'Thorington','',1218627,1989495,'CARBONITE',3,27193,148,1010);
INSERT INTO player VALUES(1115,9,474798659,'ジューク','',44011,155726,'UNKNOWN',6,0,780,1780);
CREATE INDEX "guild_time_id" ON "guild" ("time_id");
CREATE INDEX "player_time_id" ON "player" ("time_id");
COMMIT;
